movie_id,title,year,genre,director,rating,budget,revenue
1,Movie_1,2006,Drama,Director_E,6.9,187980505,81778368
2,Movie_2,2019,Comedy,Director_C,6.4,69709584,700005464
3,Movie_3,2014,Drama,Director_E,7.8,87491407,12707690
4,Movie_4,2010,Thriller,Director_E,7.1,88105678,817309989
5,Movie_5,2007,Romance,Director_A,6.6,124625058,384527763
6,Movie_6,2020,Comedy,Director_C,7.5,48980339,176575234
7,Movie_7,2006,Thriller,Director_C,3.9,84817540,918386174
8,Movie_8,2018,Sci-Fi,Director_E,6.9,91274038,487296882
9,Movie_9,2022,Horror,Director_D,4.1,162352964,421690049
10,Movie_10,2010,Thriller,Director_A,9.0,9979219,333093905
11,Movie_11,2010,Drama,Director_E,3.4,164325585,280902589
12,Movie_12,2023,Comedy,Director_B,5.8,47875246,870432043
13,Movie_13,2020,Drama,Director_B,7.5,16371868,403126588
14,Movie_14,2003,Comedy,Director_A,6.0,82369859,904124159
15,Movie_15,2007,Thriller,Director_D,3.6,141262729,327274249
16,Movie_16,2023,Action,Director_E,6.6,90763004,241659268
17,Movie_17,2002,Sci-Fi,Director_C,7.2,160863902,470275656
18,Movie_18,2021,Thriller,Director_A,7.6,35050664,764757057
19,Movie_19,2020,Drama,Director_D,5.4,21411399,922499809
20,Movie_20,2001,Horror,Director_C,6.7,58933890,945704955
21,Movie_21,2023,Horror,Director_B,5.9,32109310,152194085
22,Movie_22,2011,Romance,Director_B,7.4,188178349,771890172
23,Movie_23,2005,Comedy,Director_C,6.8,97145928,850594014
24,Movie_24,2001,Drama,Director_A,6.4,55244317,610960201
25,Movie_25,2020,Romance,Director_B,4.6,27592372,113104817
26,Movie_26,2000,Drama,Director_E,3.0,4991818,269797259
27,Movie_27,2011,Comedy,Director_C,4.1,143382690,640484835
28,Movie_28,2021,Thriller,Director_C,3.8,122219556,113741109
29,Movie_29,2011,Thriller,Director_B,5.9,57372732,784446356
30,Movie_30,2016,Horror,Director_A,7.0,106733417,288705392
31,Movie_31,2009,Thriller,Director_E,4.4,95299299,383949102
32,Movie_32,2015,Thriller,Director_A,9.1,1250231,960923269
33,Movie_33,2014,Action,Director_D,3.0,178222284,708843311
34,Movie_34,2014,Horror,Director_D,8.0,190284900,477703664
35,Movie_35,2018,Romance,Director_B,7.1,158736443,997330114
36,Movie_36,2011,Sci-Fi,Director_B,5.4,35533367,983682825
37,Movie_37,2022,Action,Director_B,3.3,174039688,699971780
38,Movie_38,2019,Romance,Director_D,7.1,43973491,457191213
39,Movie_39,2002,Comedy,Director_A,5.5,53461766,292291609
40,Movie_40,2004,Action,Director_A,9.1,1420993,788881916
41,Movie_41,2018,Romance,Director_B,6.5,154255735,701781804
42,Movie_42,2006,Comedy,Director_E,9.1,96306518,861993113
43,Movie_43,2020,Horror,Director_A,4.4,168765799,929802277
44,Movie_44,2008,Sci-Fi,Director_D,7.7,89487398,249517118
45,Movie_45,2006,Comedy,Director_C,7.0,92160404,82924587
46,Movie_46,2017,Thriller,Director_C,7.8,47984860,250218329
47,Movie_47,2003,Drama,Director_C,4.4,137970418,287043975
48,Movie_48,2013,Comedy,Director_E,7.3,49482500,404654148
49,Movie_49,2017,Comedy,Director_B,6.2,69112374,542949949
50,Movie_50,2008,Sci-Fi,Director_D,7.8,114263326,721984590
51,Movie_51,2020,Drama,Director_E,5.1,18848408,672910266
52,Movie_52,2001,Thriller,Director_D,8.8,116475230,445359567
53,Movie_53,2019,Romance,Director_D,3.5,121855985,175927360
54,Movie_54,2014,Romance,Director_B,8.2,69969235,56187343
55,Movie_55,2006,Comedy,Director_C,8.6,80694571,424542436
56,Movie_56,2011,Drama,Director_B,8.3,25555728,604974146
57,Movie_57,2007,Drama,Director_E,6.3,120011992,519089907
58,Movie_58,2014,Thriller,Director_E,5.8,180571724,931578734
59,Movie_59,2002,Sci-Fi,Director_E,9.5,54947238,609869470
60,Movie_60,2013,Horror,Director_B,4.5,31147291,961891660
61,Movie_61,2016,Romance,Director_D,6.6,83969705,859860663
62,Movie_62,2003,Sci-Fi,Director_D,7.4,166834102,903952502
63,Movie_63,2017,Action,Director_A,7.6,20138117,335580116
64,Movie_64,2007,Romance,Director_E,4.3,96464546,517614209
65,Movie_65,2003,Sci-Fi,Director_D,7.3,82952330,738430197
66,Movie_66,2001,Romance,Director_A,8.3,87838133,311056869
67,Movie_67,2005,Horror,Director_D,3.3,4291987,9467801
68,Movie_68,2021,Action,Director_E,8.9,48538500,317504125
69,Movie_69,2009,Horror,Director_C,3.2,193091090,740731706
70,Movie_70,2003,Thriller,Director_E,5.3,100989205,594386085
71,Movie_71,2021,Action,Director_B,3.1,131246458,386562029
72,Movie_72,2017,Comedy,Director_D,3.5,30268923,810999832
73,Movie_73,2011,Sci-Fi,Director_D,8.9,83298322,550978250
74,Movie_74,2001,Action,Director_B,5.3,101533117,442785031
75,Movie_75,2009,Thriller,Director_B,5.8,48809902,847454624
76,Movie_76,2003,Thriller,Director_C,4.4,144397007,222199220
77,Movie_77,2013,Horror,Director_D,6.9,148114199,742275078
78,Movie_78,2015,Romance,Director_D,6.9,55594920,831751807
79,Movie_79,2014,Action,Director_C,5.4,194522702,365358373
80,Movie_80,2007,Sci-Fi,Director_A,5.2,6492952,442565972
81,Movie_81,2013,Action,Director_C,8.8,49236011,23292935
82,Movie_82,2022,Drama,Director_E,5.5,95469046,697007282
83,Movie_83,2007,Romance,Director_D,6.2,66256994,567852853
84,Movie_84,2020,Sci-Fi,Director_B,4.8,145414902,307827454
85,Movie_85,2015,Sci-Fi,Director_E,8.1,79002445,112305812
86,Movie_86,2012,Comedy,Director_D,5.6,141514770,48099583
87,Movie_87,2017,Horror,Director_C,6.3,81710501,953007159
88,Movie_88,2014,Comedy,Director_E,4.6,72161443,214449747
89,Movie_89,2020,Sci-Fi,Director_D,9.4,8200262,65229895
90,Movie_90,2023,Romance,Director_A,4.9,110821469,407562105
91,Movie_91,2012,Action,Director_A,8.0,115850258,459208813
92,Movie_92,2008,Action,Director_B,5.8,164080496,812643166
93,Movie_93,2014,Romance,Director_D,4.3,122324687,571420977
94,Movie_94,2012,Sci-Fi,Director_A,8.2,75798069,401834040
95,Movie_95,2000,Thriller,Director_C,5.2,86495505,121179548
96,Movie_96,2006,Action,Director_D,8.6,20080923,204614447
97,Movie_97,2008,Thriller,Director_C,8.9,161923215,359479880
98,Movie_98,2023,Action,Director_C,8.6,3098729,397359182
99,Movie_99,2000,Action,Director_A,3.2,198240080,794364317
100,Movie_100,2011,Horror,Director_D,8.1,199419404,33546713
101,Movie_101,2007,Horror,Director_E,5.7,193117914,18395337
102,Movie_102,2023,Drama,Director_A,8.7,151683145,359055964
103,Movie_103,2010,Comedy,Director_A,7.1,63925345,981900597
104,Movie_104,2018,Romance,Director_D,8.4,102784099,806398351
105,Movie_105,2016,Romance,Director_D,6.2,94179800,518748771
106,Movie_106,2007,Romance,Director_C,6.5,159134789,813451155
107,Movie_107,2002,Drama,Director_D,3.9,13124055,818653356
108,Movie_108,2002,Horror,Director_C,8.1,151356881,796341941
109,Movie_109,2000,Sci-Fi,Director_A,5.7,33315606,654175588
110,Movie_110,2004,Thriller,Director_B,6.3,176360133,249823381
111,Movie_111,2009,Thriller,Director_E,8.1,68259517,854527622
112,Movie_112,2006,Sci-Fi,Director_A,6.9,83106264,382091478
113,Movie_113,2008,Drama,Director_D,4.3,3488144,634601704
114,Movie_114,2006,Sci-Fi,Director_E,6.8,191511789,393042471
115,Movie_115,2008,Romance,Director_B,5.6,90013399,541312924
116,Movie_116,2007,Comedy,Director_B,6.1,189033354,80154255
117,Movie_117,2011,Action,Director_C,3.2,46399577,114285989
118,Movie_118,2001,Thriller,Director_E,4.4,6088539,215473371
119,Movie_119,2000,Horror,Director_C,4.8,23074556,475260143
120,Movie_120,2015,Horror,Director_A,7.6,53828237,317545957
121,Movie_121,2022,Drama,Director_E,3.1,34971122,876248030
122,Movie_122,2022,Horror,Director_A,5.7,64938137,303481677
123,Movie_123,2023,Romance,Director_C,9.0,94438639,334591008
124,Movie_124,2004,Thriller,Director_E,3.7,71105108,182651192
125,Movie_125,2002,Sci-Fi,Director_C,6.4,161261303,432840584
126,Movie_126,2011,Romance,Director_E,8.1,8838941,151279672
127,Movie_127,2007,Drama,Director_C,9.1,27088250,418805054
128,Movie_128,2021,Romance,Director_B,7.9,36432211,108993559
129,Movie_129,2002,Sci-Fi,Director_C,7.7,170397359,935113484
130,Movie_130,2000,Comedy,Director_B,8.4,2801951,119282073
131,Movie_131,2002,Drama,Director_C,5.9,143659285,824217948
132,Movie_132,2004,Comedy,Director_E,8.2,198596218,49681008
133,Movie_133,2014,Action,Director_E,3.1,29720008,544662250
134,Movie_134,2013,Comedy,Director_E,9.0,76337600,384673563
135,Movie_135,2002,Action,Director_D,5.9,152784092,351844379
136,Movie_136,2000,Action,Director_A,6.6,84604679,931083911
137,Movie_137,2004,Comedy,Director_E,4.7,94790197,807907356
138,Movie_138,2022,Drama,Director_B,7.8,10941699,757610692
139,Movie_139,2013,Sci-Fi,Director_E,3.5,58340290,619668841
140,Movie_140,2006,Romance,Director_D,8.7,189370677,889256390
141,Movie_141,2008,Romance,Director_B,8.4,129698650,818540393
142,Movie_142,2014,Sci-Fi,Director_D,4.4,95369792,445152739
143,Movie_143,2014,Thriller,Director_B,8.3,164104474,150161064
144,Movie_144,2009,Thriller,Director_C,8.1,130761743,546638938
145,Movie_145,2012,Action,Director_A,7.1,158187301,837635961
146,Movie_146,2018,Action,Director_A,5.4,111175174,562731629
147,Movie_147,2006,Drama,Director_D,4.8,37065451,244717185
148,Movie_148,2016,Horror,Director_A,4.5,31215254,761754968
149,Movie_149,2019,Comedy,Director_D,5.1,186880104,44681096
150,Movie_150,2003,Action,Director_D,8.9,35583674,471433908
151,Movie_151,2004,Romance,Director_D,3.5,103830922,519313114
152,Movie_152,2022,Drama,Director_A,8.4,48447968,918679488
153,Movie_153,2006,Comedy,Director_D,5.3,8283377,337480086
154,Movie_154,2012,Drama,Director_A,6.4,116075646,556246665
155,Movie_155,2014,Comedy,Director_D,8.2,142235683,60127465
156,Movie_156,2010,Comedy,Director_E,8.7,66833124,795709171
157,Movie_157,2003,Sci-Fi,Director_D,5.2,48732712,405724632
158,Movie_158,2012,Action,Director_B,6.0,180585406,458764789
159,Movie_159,2006,Drama,Director_D,5.7,171510544,342458300
160,Movie_160,2018,Drama,Director_C,3.1,101495074,274942850
161,Movie_161,2021,Sci-Fi,Director_D,4.9,185954287,444187461
162,Movie_162,2001,Romance,Director_B,6.0,70617028,343256508
163,Movie_163,2009,Romance,Director_B,5.7,188868719,315632761
164,Movie_164,2012,Thriller,Director_A,7.7,74283807,513030277
165,Movie_165,2020,Action,Director_E,5.5,95011763,120507764
166,Movie_166,2005,Action,Director_D,6.2,185260029,140128641
167,Movie_167,2011,Horror,Director_A,5.8,117925026,309046905
168,Movie_168,2011,Sci-Fi,Director_E,7.8,114188979,878069049
169,Movie_169,2019,Romance,Director_D,8.6,135389005,693862289
170,Movie_170,2010,Comedy,Director_C,6.5,198624254,367745430
171,Movie_171,2022,Drama,Director_D,8.1,78890927,259239745
172,Movie_172,2006,Action,Director_B,4.9,41905980,246436875
173,Movie_173,2000,Drama,Director_B,6.5,73989790,747306453
174,Movie_174,2000,Drama,Director_C,5.2,19380560,438159270
175,Movie_175,2019,Horror,Director_A,5.7,163657303,865312087
176,Movie_176,2012,Romance,Director_E,7.8,62189747,160198831
177,Movie_177,2008,Action,Director_D,8.7,141780593,219484179
178,Movie_178,2002,Drama,Director_B,3.8,49878285,608216448
179,Movie_179,2006,Action,Director_A,7.1,59445297,87325440
180,Movie_180,2005,Comedy,Director_C,6.8,37146254,280573968
181,Movie_181,2007,Horror,Director_B,3.8,103721093,786638394
182,Movie_182,2008,Comedy,Director_C,4.4,161185370,898228928
183,Movie_183,2004,Action,Director_D,5.0,28384611,146785204
184,Movie_184,2000,Thriller,Director_E,4.1,196733750,148553139
185,Movie_185,2018,Action,Director_B,4.6,89301319,880901676
186,Movie_186,2009,Romance,Director_B,4.7,34017422,347707677
187,Movie_187,2011,Drama,Director_D,5.2,20878589,906591144
188,Movie_188,2023,Drama,Director_A,7.9,20577390,720127278
189,Movie_189,2014,Comedy,Director_E,6.7,32301473,172190274
190,Movie_190,2021,Horror,Director_B,9.4,110544407,916478829
191,Movie_191,2023,Thriller,Director_E,5.7,173185063,110536310
192,Movie_192,2008,Sci-Fi,Director_B,7.9,78832543,760443018
193,Movie_193,2019,Drama,Director_E,8.7,87451900,940138519
194,Movie_194,2016,Romance,Director_C,7.4,62220767,525663999
195,Movie_195,2016,Comedy,Director_B,5.7,47021853,211497580
196,Movie_196,2019,Comedy,Director_E,7.9,157829555,712960729
197,Movie_197,2011,Sci-Fi,Director_A,4.3,191083824,914306304
198,Movie_198,2006,Romance,Director_C,5.1,147103052,67908951
199,Movie_199,2001,Horror,Director_C,6.6,165406272,624506174
200,Movie_200,2002,Romance,Director_A,6.7,25219726,740057353
201,Movie_201,2016,Horror,Director_E,3.1,192952107,43555170
202,Movie_202,2004,Romance,Director_D,9.1,119384973,976032087
203,Movie_203,2016,Romance,Director_A,7.5,136684984,7660891
204,Movie_204,2023,Action,Director_E,6.2,89235105,959697187
205,Movie_205,2016,Comedy,Director_A,9.1,183363217,699861775
206,Movie_206,2016,Romance,Director_A,5.9,14593077,898808615
207,Movie_207,2001,Sci-Fi,Director_B,9.4,108775942,634704719
208,Movie_208,2001,Romance,Director_E,6.3,22108188,20978042
209,Movie_209,2021,Drama,Director_D,3.7,143884854,631755536
210,Movie_210,2022,Comedy,Director_B,8.0,24711646,19514418
211,Movie_211,2004,Drama,Director_A,7.4,34319676,628099086
212,Movie_212,2000,Comedy,Director_A,8.0,176498136,678280911
213,Movie_213,2000,Drama,Director_A,9.2,58430565,322523214
214,Movie_214,2018,Romance,Director_E,8.0,3705421,792823352
215,Movie_215,2001,Romance,Director_E,7.0,195302343,437836577
216,Movie_216,2020,Action,Director_B,8.6,94437274,407372362
217,Movie_217,2011,Sci-Fi,Director_D,7.4,157793217,360166912
218,Movie_218,2005,Drama,Director_B,5.7,47660816,25733774
219,Movie_219,2022,Horror,Director_C,8.8,60127140,260389810
220,Movie_220,2003,Action,Director_A,4.4,164836877,699208067
221,Movie_221,2022,Drama,Director_A,7.6,142159991,855281770
222,Movie_222,2010,Drama,Director_A,8.7,130117277,769565316
223,Movie_223,2023,Action,Director_B,7.8,173424284,672745762
224,Movie_224,2016,Romance,Director_B,7.5,131912595,715474124
225,Movie_225,2005,Drama,Director_A,7.9,154370044,14978954
226,Movie_226,2023,Romance,Director_B,6.0,151598388,186457873
227,Movie_227,2004,Action,Director_E,8.7,23004757,197488550
228,Movie_228,2019,Romance,Director_E,4.3,36272994,675605608
229,Movie_229,2001,Comedy,Director_B,3.8,87142436,454031145
230,Movie_230,2005,Horror,Director_A,4.9,34300239,243135473
231,Movie_231,2021,Thriller,Director_B,6.5,175987569,282429462
232,Movie_232,2010,Drama,Director_B,6.3,102993081,361629446
233,Movie_233,2015,Sci-Fi,Director_B,8.3,189848752,14976122
234,Movie_234,2015,Horror,Director_C,5.6,54093290,897515366
235,Movie_235,2000,Thriller,Director_E,6.1,89169744,714914882
236,Movie_236,2008,Romance,Director_D,3.1,116405647,43489803
237,Movie_237,2005,Drama,Director_D,5.7,29549561,72368966
238,Movie_238,2015,Romance,Director_C,7.2,198839350,557962096
239,Movie_239,2002,Comedy,Director_B,3.1,10080961,631273817
240,Movie_240,2019,Action,Director_C,4.8,56296596,849679328
241,Movie_241,2003,Drama,Director_C,4.4,154753510,449421988
242,Movie_242,2018,Thriller,Director_A,3.3,36882465,852397039
243,Movie_243,2002,Thriller,Director_E,6.1,145096645,677431694
244,Movie_244,2018,Comedy,Director_D,4.2,143393304,888137537
245,Movie_245,2019,Comedy,Director_B,7.8,42245764,679247656
246,Movie_246,2006,Drama,Director_D,8.5,197243091,493265598
247,Movie_247,2019,Romance,Director_D,6.5,8059903,729773318
248,Movie_248,2008,Sci-Fi,Director_E,9.4,140658767,963148511
249,Movie_249,2000,Thriller,Director_D,5.9,7077234,942707139
250,Movie_250,2007,Thriller,Director_D,6.3,36482788,201145427
251,Movie_251,2006,Comedy,Director_C,9.4,72906791,876377393
252,Movie_252,2017,Horror,Director_E,4.5,177973512,795167156
253,Movie_253,2007,Comedy,Director_A,9.1,188669188,845589987
254,Movie_254,2000,Sci-Fi,Director_B,3.3,139018488,822022751
255,Movie_255,2010,Romance,Director_D,5.9,185276801,764436315
256,Movie_256,2017,Romance,Director_B,3.5,1975112,94703756
257,Movie_257,2022,Horror,Director_A,7.7,172805283,226563904
258,Movie_258,2009,Thriller,Director_B,7.0,56745877,945854459
259,Movie_259,2002,Comedy,Director_A,7.6,135773567,813753207
260,Movie_260,2006,Romance,Director_C,5.4,135831829,310103394
261,Movie_261,2015,Sci-Fi,Director_D,5.4,42781921,235790255
262,Movie_262,2015,Drama,Director_A,3.3,184887286,298379869
263,Movie_263,2019,Action,Director_B,5.3,13234908,404506741
264,Movie_264,2016,Action,Director_D,9.0,195816250,373003107
265,Movie_265,2001,Action,Director_C,5.5,22924717,622908216
266,Movie_266,2000,Thriller,Director_D,8.4,6121632,325328118
267,Movie_267,2015,Comedy,Director_A,8.5,157891665,454513176
268,Movie_268,2011,Horror,Director_C,5.4,152546182,68497807
269,Movie_269,2004,Romance,Director_B,7.1,191444414,747786873
270,Movie_270,2004,Drama,Director_C,3.6,78578752,61953426
271,Movie_271,2022,Sci-Fi,Director_C,3.7,54226755,200757632
272,Movie_272,2008,Drama,Director_E,3.3,157044369,465516676
273,Movie_273,2008,Sci-Fi,Director_C,6.8,46112602,612237759
274,Movie_274,2002,Thriller,Director_C,5.8,101935840,750099570
275,Movie_275,2018,Comedy,Director_D,6.6,135080795,564722005
276,Movie_276,2015,Action,Director_B,6.4,153858851,874158615
277,Movie_277,2015,Comedy,Director_D,5.3,185000187,621022634
278,Movie_278,2002,Thriller,Director_D,7.4,196545405,851894451
279,Movie_279,2019,Horror,Director_A,7.9,195254287,391627940
280,Movie_280,2023,Horror,Director_D,3.1,194860385,424231924
281,Movie_281,2021,Thriller,Director_E,4.3,2120113,198197411
282,Movie_282,2023,Sci-Fi,Director_E,7.6,11201961,721609187
283,Movie_283,2000,Romance,Director_A,5.5,106255383,377729923
284,Movie_284,2023,Romance,Director_B,7.3,168322679,751170659
285,Movie_285,2019,Sci-Fi,Director_B,5.3,73202252,311966708
286,Movie_286,2010,Horror,Director_D,5.5,81162231,713386257
287,Movie_287,2016,Horror,Director_D,4.0,64146677,451953905
288,Movie_288,2007,Horror,Director_D,4.7,124456460,540217615
289,Movie_289,2003,Comedy,Director_B,6.9,29704996,674245096
290,Movie_290,2005,Horror,Director_C,5.8,12047100,502783697
291,Movie_291,2007,Drama,Director_E,8.0,39199721,165097813
292,Movie_292,2019,Action,Director_C,8.5,11531792,990237569
293,Movie_293,2002,Horror,Director_C,6.5,100572369,765742932
294,Movie_294,2015,Sci-Fi,Director_B,7.9,43566130,942604707
295,Movie_295,2002,Action,Director_C,5.0,137247069,789566655
296,Movie_296,2017,Comedy,Director_A,5.7,121457977,239905387
297,Movie_297,2013,Sci-Fi,Director_D,7.6,151180705,557908390
298,Movie_298,2017,Action,Director_A,5.5,100787577,80892270
299,Movie_299,2001,Sci-Fi,Director_E,6.8,162910467,74154854
300,Movie_300,2021,Comedy,Director_D,4.2,197417783,446386268
301,Movie_301,2002,Drama,Director_C,6.9,36324049,172531317
302,Movie_302,2015,Comedy,Director_E,8.6,20625255,744582553
303,Movie_303,2008,Comedy,Director_D,8.6,127466629,887902612
304,Movie_304,2003,Sci-Fi,Director_C,7.7,140587065,782319184
305,Movie_305,2000,Thriller,Director_A,7.8,165905152,610478223
306,Movie_306,2003,Romance,Director_D,6.6,50402947,50184187
307,Movie_307,2000,Horror,Director_C,6.8,102543728,303488478
308,Movie_308,2013,Horror,Director_A,3.9,194404979,608837682
309,Movie_309,2020,Drama,Director_E,5.9,150752170,358866824
310,Movie_310,2015,Drama,Director_E,5.9,74336604,755688734
311,Movie_311,2019,Horror,Director_E,9.2,82054612,399058288
312,Movie_312,2023,Romance,Director_E,5.8,149867545,707726244
313,Movie_313,2007,Horror,Director_B,6.6,143075725,792798529
314,Movie_314,2006,Thriller,Director_D,6.5,199691336,828678707
315,Movie_315,2002,Romance,Director_D,7.1,30988602,34380783
316,Movie_316,2016,Drama,Director_B,7.9,58472430,753585197
317,Movie_317,2000,Action,Director_C,4.5,123324811,937084621
318,Movie_318,2015,Sci-Fi,Director_C,6.4,72048489,992651130
319,Movie_319,2011,Thriller,Director_E,8.4,28355826,802368160
320,Movie_320,2018,Thriller,Director_A,6.0,79490821,976853753
321,Movie_321,2021,Drama,Director_C,4.8,107646655,806778534
322,Movie_322,2022,Drama,Director_A,7.3,126135379,571106041
323,Movie_323,2021,Comedy,Director_D,8.4,65526295,593594098
324,Movie_324,2013,Thriller,Director_A,3.4,27408346,213545747
325,Movie_325,2005,Comedy,Director_D,8.0,3568101,112480577
326,Movie_326,2005,Comedy,Director_B,8.3,60686581,464686642
327,Movie_327,2012,Sci-Fi,Director_B,6.0,52629424,965408872
328,Movie_328,2018,Comedy,Director_E,9.4,198857815,136852498
329,Movie_329,2021,Romance,Director_C,8.1,162424767,464977850
330,Movie_330,2007,Horror,Director_E,8.0,25423854,693037092
331,Movie_331,2001,Action,Director_D,7.9,178644470,293222801
332,Movie_332,2020,Drama,Director_E,4.0,157442427,575515087
333,Movie_333,2000,Romance,Director_A,4.4,183084194,856891587
334,Movie_334,2014,Action,Director_D,6.0,9018205,566074315
335,Movie_335,2000,Thriller,Director_B,4.7,5928476,778707142
336,Movie_336,2004,Thriller,Director_C,5.7,4886613,940223565
337,Movie_337,2015,Thriller,Director_D,8.8,172782602,811444790
338,Movie_338,2018,Romance,Director_D,8.4,131133203,341303115
339,Movie_339,2003,Romance,Director_A,7.1,76831720,264290978
340,Movie_340,2002,Drama,Director_C,8.6,160091241,320387268
341,Movie_341,2016,Horror,Director_B,8.1,191270049,57096336
342,Movie_342,2016,Comedy,Director_D,5.8,119101952,427388217
343,Movie_343,2011,Thriller,Director_D,4.3,69302366,804622249
344,Movie_344,2013,Sci-Fi,Director_A,6.3,116203229,860877663
345,Movie_345,2020,Horror,Director_E,7.8,92908497,824268681
346,Movie_346,2005,Sci-Fi,Director_B,5.8,10143589,823179242
347,Movie_347,2002,Drama,Director_C,7.3,34935757,755679888
348,Movie_348,2008,Drama,Director_D,3.6,169735704,876167044
349,Movie_349,2004,Drama,Director_D,7.9,137643790,540769900
350,Movie_350,2023,Action,Director_B,8.3,143427245,538063088
351,Movie_351,2016,Sci-Fi,Director_E,7.6,176267255,17186528
352,Movie_352,2013,Horror,Director_D,9.3,131707394,967400227
353,Movie_353,2020,Horror,Director_B,8.4,43548791,293985187
354,Movie_354,2002,Romance,Director_A,8.9,145344950,544813521
355,Movie_355,2000,Romance,Director_E,9.1,60193912,82297672
356,Movie_356,2019,Thriller,Director_C,8.2,35512811,97044861
357,Movie_357,2020,Romance,Director_D,7.4,90155041,701679096
358,Movie_358,2022,Drama,Director_B,3.0,148873570,20901724
359,Movie_359,2000,Horror,Director_A,6.0,47754929,576998076
360,Movie_360,2002,Sci-Fi,Director_C,6.7,12290492,703195057
361,Movie_361,2017,Drama,Director_B,5.0,184565184,954422541
362,Movie_362,2009,Action,Director_B,5.1,38581619,432447192
363,Movie_363,2021,Romance,Director_C,9.2,192688156,35719118
364,Movie_364,2002,Drama,Director_A,8.8,66955748,287270085
365,Movie_365,2007,Drama,Director_A,8.5,78086898,947264951
366,Movie_366,2013,Action,Director_E,5.6,168617408,182652393
367,Movie_367,2023,Comedy,Director_D,3.1,61139023,125780956
368,Movie_368,2017,Horror,Director_C,3.5,189162539,780502158
369,Movie_369,2014,Sci-Fi,Director_C,5.0,12042682,543251100
370,Movie_370,2021,Thriller,Director_C,3.1,178995836,217842755
371,Movie_371,2022,Comedy,Director_A,3.1,195782261,549401489
372,Movie_372,2001,Romance,Director_D,9.0,57817319,897252913
373,Movie_373,2009,Drama,Director_E,7.6,107453529,632479992
374,Movie_374,2001,Action,Director_B,5.0,51596687,415423216
375,Movie_375,2016,Action,Director_B,3.9,84505216,318547947
376,Movie_376,2007,Horror,Director_C,6.3,103739555,641284134
377,Movie_377,2000,Comedy,Director_D,3.0,11589887,801393546
378,Movie_378,2008,Thriller,Director_A,9.1,147897066,659042381
379,Movie_379,2010,Horror,Director_D,5.7,62766928,991998658
380,Movie_380,2021,Drama,Director_D,5.6,31601080,671566642
381,Movie_381,2015,Horror,Director_A,5.5,57656406,514180529
382,Movie_382,2006,Sci-Fi,Director_C,3.5,186945478,417504125
383,Movie_383,2009,Action,Director_D,7.1,51335659,752156329
384,Movie_384,2022,Action,Director_B,7.8,187514100,466496639
385,Movie_385,2002,Romance,Director_A,7.4,147820422,203412389
386,Movie_386,2017,Romance,Director_E,3.9,16927403,77639916
387,Movie_387,2023,Thriller,Director_C,6.8,168368526,346865321
388,Movie_388,2012,Drama,Director_A,6.7,15671009,690323985
389,Movie_389,2006,Sci-Fi,Director_E,8.6,9821549,703383289
390,Movie_390,2003,Comedy,Director_E,5.5,65496620,89310270
391,Movie_391,2012,Horror,Director_D,5.4,79686659,766718291
392,Movie_392,2019,Thriller,Director_D,7.0,20485901,304260473
393,Movie_393,2000,Drama,Director_D,7.1,192363661,35249071
394,Movie_394,2007,Romance,Director_A,6.1,35157583,243353720
395,Movie_395,2013,Horror,Director_A,5.9,150807430,913090341
396,Movie_396,2015,Romance,Director_C,6.2,128652447,334834956
397,Movie_397,2013,Horror,Director_D,8.6,17091794,70157827
398,Movie_398,2011,Comedy,Director_E,6.0,58704449,708112054
399,Movie_399,2018,Drama,Director_B,9.1,183821897,704477453
400,Movie_400,2022,Horror,Director_C,6.3,30092273,773315232
401,Movie_401,2014,Sci-Fi,Director_A,9.2,42665616,930344859
402,Movie_402,2001,Thriller,Director_C,8.4,15367204,717167204
403,Movie_403,2001,Action,Director_C,5.4,75394251,365616455
404,Movie_404,2022,Sci-Fi,Director_C,8.6,128669397,17350251
405,Movie_405,2021,Sci-Fi,Director_C,3.7,156495272,90990497
406,Movie_406,2018,Thriller,Director_B,9.0,89194387,198747179
407,Movie_407,2021,Action,Director_D,7.1,165765824,564097732
408,Movie_408,2021,Sci-Fi,Director_E,3.4,133170165,588023989
409,Movie_409,2016,Horror,Director_C,7.2,114806393,981839582
410,Movie_410,2019,Horror,Director_C,9.3,108144389,410049900
411,Movie_411,2009,Horror,Director_C,3.5,186235666,925640136
412,Movie_412,2005,Action,Director_D,6.6,11149777,270267433
413,Movie_413,2014,Sci-Fi,Director_A,7.9,142771653,708210527
414,Movie_414,2021,Action,Director_A,8.3,166427244,217270717
415,Movie_415,2010,Horror,Director_B,5.7,171988822,98344322
416,Movie_416,2004,Thriller,Director_A,4.3,58203222,435162461
417,Movie_417,2000,Sci-Fi,Director_C,3.3,104028121,920703921
418,Movie_418,2007,Sci-Fi,Director_C,6.8,97197068,98276363
419,Movie_419,2020,Romance,Director_C,5.9,78951366,141274972
420,Movie_420,2011,Romance,Director_B,9.2,47894926,288277954
421,Movie_421,2011,Comedy,Director_C,3.4,70289003,880123161
422,Movie_422,2004,Drama,Director_A,7.5,138936922,556111352
423,Movie_423,2006,Romance,Director_D,3.2,172055897,50791484
424,Movie_424,2003,Action,Director_D,4.1,186113550,384662109
425,Movie_425,2005,Romance,Director_E,5.9,52954211,402407112
426,Movie_426,2012,Comedy,Director_A,6.0,174630006,401105625
427,Movie_427,2019,Sci-Fi,Director_C,7.5,74949887,646806721
428,Movie_428,2014,Comedy,Director_D,8.9,45150968,998783869
429,Movie_429,2002,Sci-Fi,Director_A,7.2,80268932,730545474
430,Movie_430,2022,Thriller,Director_D,9.2,70574460,561986797
431,Movie_431,2007,Thriller,Director_C,8.7,16842433,67542403
432,Movie_432,2019,Sci-Fi,Director_D,6.8,59050102,718655832
433,Movie_433,2015,Drama,Director_E,8.4,72513977,902494706
434,Movie_434,2012,Romance,Director_E,7.2,199352480,720277452
435,Movie_435,2017,Action,Director_D,3.5,35968399,675448358
436,Movie_436,2009,Action,Director_A,7.8,188937366,596563426
437,Movie_437,2018,Horror,Director_A,3.6,29417654,309294198
438,Movie_438,2016,Sci-Fi,Director_A,6.9,173838607,238423318
439,Movie_439,2023,Action,Director_D,7.6,109381517,140193992
440,Movie_440,2018,Drama,Director_A,3.4,175628764,84591041
441,Movie_441,2022,Sci-Fi,Director_C,4.5,130240217,305942780
442,Movie_442,2004,Drama,Director_E,9.0,78180450,621849141
443,Movie_443,2020,Action,Director_C,7.0,12462734,248204904
444,Movie_444,2022,Action,Director_A,4.6,16317570,683387883
445,Movie_445,2008,Horror,Director_C,7.5,20396438,522020223
446,Movie_446,2011,Action,Director_A,6.9,36490204,982006622
447,Movie_447,2020,Sci-Fi,Director_D,6.3,91284577,351898411
448,Movie_448,2000,Thriller,Director_C,9.3,55900320,161790830
449,Movie_449,2000,Sci-Fi,Director_D,7.4,3422952,772783041
450,Movie_450,2014,Sci-Fi,Director_D,5.4,134614248,245066380
451,Movie_451,2001,Horror,Director_B,8.2,184168662,404197805
452,Movie_452,2021,Horror,Director_A,8.7,54553666,846326649
453,Movie_453,2015,Action,Director_E,3.8,58728313,276369321
454,Movie_454,2007,Comedy,Director_A,4.3,2861663,900859499
455,Movie_455,2012,Comedy,Director_E,4.4,39918430,482349193
456,Movie_456,2020,Horror,Director_A,7.5,29075910,752168426
457,Movie_457,2000,Action,Director_D,6.9,34604200,480909502
458,Movie_458,2015,Comedy,Director_C,7.0,96730688,482669336
459,Movie_459,2006,Action,Director_C,9.1,6167373,17229793
460,Movie_460,2004,Action,Director_B,8.0,46721311,594708260
461,Movie_461,2021,Action,Director_E,3.8,187649702,5145693
462,Movie_462,2022,Romance,Director_E,5.3,101960838,308639622
463,Movie_463,2002,Sci-Fi,Director_E,5.8,53857945,553947710
464,Movie_464,2011,Action,Director_D,5.6,146887457,484061445
465,Movie_465,2015,Romance,Director_E,7.4,6628573,358207157
466,Movie_466,2018,Horror,Director_C,8.8,9091363,154462582
467,Movie_467,2004,Comedy,Director_D,5.0,31595197,219208322
468,Movie_468,2021,Sci-Fi,Director_A,6.6,32218896,152760642
469,Movie_469,2013,Thriller,Director_E,8.1,40462985,969364313
470,Movie_470,2004,Comedy,Director_E,5.7,130891954,584518776
471,Movie_471,2014,Sci-Fi,Director_A,4.1,141726254,288711613
472,Movie_472,2016,Thriller,Director_E,6.1,9140594,472860887
473,Movie_473,2013,Comedy,Director_A,3.4,77429247,786973044
474,Movie_474,2019,Sci-Fi,Director_D,9.1,166122103,412033029
475,Movie_475,2004,Comedy,Director_C,3.5,104129807,204246634
476,Movie_476,2011,Comedy,Director_A,5.8,37850216,607564795
477,Movie_477,2015,Thriller,Director_B,6.4,113023583,414803449
478,Movie_478,2015,Comedy,Director_A,9.4,40989821,610683504
479,Movie_479,2020,Comedy,Director_E,4.1,50382042,591672937
480,Movie_480,2006,Thriller,Director_D,3.7,109085531,278197771
481,Movie_481,2003,Horror,Director_D,3.1,72243472,696242992
482,Movie_482,2000,Action,Director_A,4.0,25309567,928215331
483,Movie_483,2004,Drama,Director_C,4.3,136466477,452984065
484,Movie_484,2022,Romance,Director_B,7.1,146205434,563425958
485,Movie_485,2009,Drama,Director_D,4.4,151390201,693125281
486,Movie_486,2021,Drama,Director_E,3.1,14849214,723904281
487,Movie_487,2004,Sci-Fi,Director_E,8.4,75274929,668210641
488,Movie_488,2003,Action,Director_C,5.4,38297350,624815508
489,Movie_489,2001,Sci-Fi,Director_D,5.3,164670028,549475235
490,Movie_490,2019,Action,Director_A,5.0,131694414,406834599
491,Movie_491,2009,Thriller,Director_E,9.3,51875992,128700147
492,Movie_492,2018,Thriller,Director_C,4.1,161487867,76603757
493,Movie_493,2000,Action,Director_D,8.8,109871445,622271851
494,Movie_494,2023,Comedy,Director_D,8.0,42991679,535575637
495,Movie_495,2004,Horror,Director_D,3.5,11938814,121584116
496,Movie_496,2012,Comedy,Director_D,9.4,58062361,862606109
497,Movie_497,2003,Horror,Director_D,4.8,16467488,913414577
498,Movie_498,2015,Sci-Fi,Director_E,3.6,177757450,414158122
499,Movie_499,2023,Horror,Director_C,8.4,163294296,746984636
500,Movie_500,2015,Sci-Fi,Director_D,7.6,106532532,305716923
501,Movie_501,2022,Thriller,Director_B,7.0,51711717,528903517
502,Movie_502,2001,Drama,Director_B,4.0,63918696,30961735
503,Movie_503,2016,Thriller,Director_C,6.1,78656492,571830689
504,Movie_504,2019,Thriller,Director_A,8.1,196379543,702979704
505,Movie_505,2023,Drama,Director_A,5.0,96190439,903009966
506,Movie_506,2011,Horror,Director_A,5.0,84997037,905851016
507,Movie_507,2017,Horror,Director_B,3.0,189863072,831121330
508,Movie_508,2002,Sci-Fi,Director_A,4.1,118078672,441288787
509,Movie_509,2000,Comedy,Director_E,8.7,190403863,938608935
510,Movie_510,2000,Sci-Fi,Director_D,5.9,154872612,493722712
511,Movie_511,2018,Comedy,Director_B,9.4,157439352,710832210
512,Movie_512,2010,Thriller,Director_C,5.6,26971841,678338116
513,Movie_513,2004,Drama,Director_C,7.6,96655263,406054538
514,Movie_514,2011,Thriller,Director_D,4.8,131304835,58091022
515,Movie_515,2002,Action,Director_B,5.4,158601908,87030463
516,Movie_516,2000,Horror,Director_A,4.2,34970993,622943367
517,Movie_517,2000,Comedy,Director_A,5.3,122686383,820147218
518,Movie_518,2007,Sci-Fi,Director_E,6.6,82880157,42018326
519,Movie_519,2009,Drama,Director_E,9.4,79573735,844644058
520,Movie_520,2010,Comedy,Director_A,7.3,117804537,90783079
521,Movie_521,2011,Sci-Fi,Director_C,4.3,27935185,572451615
522,Movie_522,2012,Horror,Director_C,3.3,41710838,376951641
523,Movie_523,2011,Thriller,Director_E,3.8,140019164,800826202
524,Movie_524,2013,Horror,Director_D,6.7,80258185,887164413
525,Movie_525,2001,Romance,Director_A,8.0,149430700,113035154
526,Movie_526,2018,Action,Director_E,9.1,7931344,82375359
527,Movie_527,2017,Romance,Director_E,3.1,35179345,862399217
528,Movie_528,2002,Drama,Director_A,6.4,178681961,37053929
529,Movie_529,2022,Comedy,Director_A,6.1,178078767,7337180
530,Movie_530,2016,Drama,Director_C,7.3,179194532,746683366
531,Movie_531,2007,Thriller,Director_D,6.6,159368300,941595624
532,Movie_532,2009,Sci-Fi,Director_D,7.5,66877073,629992032
533,Movie_533,2001,Horror,Director_A,7.3,60115024,832613138
534,Movie_534,2018,Romance,Director_B,3.8,66440781,554662948
535,Movie_535,2008,Romance,Director_E,8.2,43192304,87419296
536,Movie_536,2006,Thriller,Director_E,3.8,114058526,276192854
537,Movie_537,2003,Romance,Director_A,7.5,17480387,575814086
538,Movie_538,2020,Thriller,Director_B,5.7,63545233,384809305
539,Movie_539,2017,Drama,Director_C,6.3,9625146,769006239
540,Movie_540,2012,Horror,Director_A,8.9,89595831,910220619
541,Movie_541,2010,Comedy,Director_A,8.8,151019959,441884551
542,Movie_542,2023,Sci-Fi,Director_E,8.3,71717998,821818281
543,Movie_543,2003,Comedy,Director_A,6.3,26319530,554886683
544,Movie_544,2020,Drama,Director_A,7.8,7630604,302674612
545,Movie_545,2003,Sci-Fi,Director_A,6.3,31334030,348337924
546,Movie_546,2009,Romance,Director_E,8.7,119267662,340945392
547,Movie_547,2004,Action,Director_C,5.6,125894171,716365913
548,Movie_548,2008,Drama,Director_C,9.3,170559012,424328132
549,Movie_549,2023,Drama,Director_A,9.1,106696089,40650069
550,Movie_550,2002,Horror,Director_E,7.8,190872051,507561036
551,Movie_551,2016,Comedy,Director_C,4.8,17819353,130283739
552,Movie_552,2002,Drama,Director_C,3.9,128271065,732001760
553,Movie_553,2015,Drama,Director_C,8.6,51470573,182116778
554,Movie_554,2003,Romance,Director_E,4.1,104297115,855770710
555,Movie_555,2017,Romance,Director_E,8.6,32578449,232235680
556,Movie_556,2016,Sci-Fi,Director_A,6.2,73521183,868907857
557,Movie_557,2006,Thriller,Director_D,5.6,13184706,882274865
558,Movie_558,2023,Thriller,Director_C,8.9,169147393,244349876
559,Movie_559,2022,Action,Director_D,6.9,182336032,549613149
560,Movie_560,2004,Thriller,Director_E,6.7,149384553,699615833
561,Movie_561,2011,Horror,Director_E,6.6,28726096,472045519
562,Movie_562,2016,Action,Director_E,5.4,53289440,872937996
563,Movie_563,2022,Sci-Fi,Director_D,8.1,127053182,36738784
564,Movie_564,2012,Romance,Director_E,4.6,162538690,993630681
565,Movie_565,2022,Thriller,Director_A,9.1,199859824,827503087
566,Movie_566,2002,Comedy,Director_E,8.8,155497590,566234672
567,Movie_567,2008,Romance,Director_B,5.2,88777945,287831269
568,Movie_568,2016,Horror,Director_D,7.7,189699955,181091009
569,Movie_569,2016,Romance,Director_B,6.7,178314659,721211568
570,Movie_570,2019,Horror,Director_E,5.2,15999412,515925445
571,Movie_571,2015,Horror,Director_A,9.4,168005813,223262061
572,Movie_572,2021,Horror,Director_C,3.2,115762797,668369777
573,Movie_573,2012,Sci-Fi,Director_E,4.6,192535971,868847077
574,Movie_574,2018,Horror,Director_A,6.4,177386455,8211369
575,Movie_575,2016,Horror,Director_D,6.4,140756732,944306199
576,Movie_576,2003,Comedy,Director_B,6.8,87128445,409312721
577,Movie_577,2011,Action,Director_B,7.9,37316288,375378650
578,Movie_578,2008,Drama,Director_B,7.1,86999128,946888936
579,Movie_579,2018,Action,Director_D,6.9,116432713,515014427
580,Movie_580,2011,Horror,Director_A,3.3,1029813,830989961
581,Movie_581,2008,Comedy,Director_D,5.4,54543055,355811920
582,Movie_582,2006,Romance,Director_B,4.5,56191993,923849270
583,Movie_583,2013,Comedy,Director_E,4.7,90857223,940121341
584,Movie_584,2019,Horror,Director_C,6.6,115692582,6461433
585,Movie_585,2018,Comedy,Director_D,4.3,192050587,712991621
586,Movie_586,2014,Thriller,Director_D,4.9,42850767,356004621
587,Movie_587,2015,Comedy,Director_A,4.5,184799955,371819477
588,Movie_588,2020,Horror,Director_A,9.2,158641798,920684597
589,Movie_589,2004,Sci-Fi,Director_D,9.1,136832909,873717317
590,Movie_590,2002,Thriller,Director_B,7.0,197262698,146971366
591,Movie_591,2011,Comedy,Director_C,9.0,72143513,799109579
592,Movie_592,2019,Drama,Director_A,8.1,146745229,569978786
593,Movie_593,2020,Drama,Director_B,6.8,181007110,593779405
594,Movie_594,2003,Comedy,Director_E,3.0,116395704,189427797
595,Movie_595,2020,Sci-Fi,Director_A,8.0,194708332,643522930
596,Movie_596,2022,Romance,Director_B,7.6,24544531,560685526
597,Movie_597,2015,Horror,Director_B,7.0,123541630,891948783
598,Movie_598,2006,Drama,Director_C,7.9,188370434,545398022
599,Movie_599,2012,Romance,Director_C,6.3,128866291,646823847
600,Movie_600,2020,Comedy,Director_E,7.6,135676547,430829297
601,Movie_601,2009,Romance,Director_B,9.1,119648572,777817496
602,Movie_602,2006,Thriller,Director_B,5.4,90239449,533083596
603,Movie_603,2013,Action,Director_C,7.6,85330954,901381652
604,Movie_604,2004,Drama,Director_A,6.1,162492253,850568232
605,Movie_605,2002,Comedy,Director_A,7.4,99591883,785101001
606,Movie_606,2022,Horror,Director_D,8.0,106665241,125194548
607,Movie_607,2010,Sci-Fi,Director_C,3.3,108586091,230038006
608,Movie_608,2010,Thriller,Director_D,7.2,154048992,951913530
609,Movie_609,2017,Comedy,Director_C,4.5,85949772,223195464
610,Movie_610,2014,Horror,Director_E,7.4,10332439,711805838
611,Movie_611,2011,Sci-Fi,Director_B,6.0,40627361,942593907
612,Movie_612,2008,Sci-Fi,Director_E,8.0,180235563,676441793
613,Movie_613,2009,Comedy,Director_C,3.8,48118996,447932120
614,Movie_614,2011,Thriller,Director_B,7.1,80371163,763428428
615,Movie_615,2016,Romance,Director_A,4.8,5051939,793472033
616,Movie_616,2005,Romance,Director_A,8.5,169642113,908754802
617,Movie_617,2006,Sci-Fi,Director_D,9.0,95857961,789270521
618,Movie_618,2013,Romance,Director_C,9.5,171870216,730521441
619,Movie_619,2012,Action,Director_C,8.2,196254358,542858850
620,Movie_620,2007,Sci-Fi,Director_A,7.9,91885324,79183397
621,Movie_621,2009,Sci-Fi,Director_E,4.4,165543254,572167106
622,Movie_622,2008,Horror,Director_B,5.2,55525264,366692158
623,Movie_623,2017,Romance,Director_E,6.0,115244861,126241577
624,Movie_624,2001,Thriller,Director_E,8.0,58415983,456681722
625,Movie_625,2004,Sci-Fi,Director_A,8.9,121879699,719713925
626,Movie_626,2004,Thriller,Director_A,4.2,191973203,472102454
627,Movie_627,2005,Action,Director_A,9.0,175446266,157059311
628,Movie_628,2018,Horror,Director_D,7.5,6216813,568143359
629,Movie_629,2007,Comedy,Director_E,7.0,163141058,373544240
630,Movie_630,2015,Thriller,Director_C,4.3,188907339,927981778
631,Movie_631,2012,Sci-Fi,Director_B,3.4,58405223,475223170
632,Movie_632,2000,Action,Director_D,6.7,85811073,777426961
633,Movie_633,2021,Drama,Director_C,7.2,185903167,932011430
634,Movie_634,2019,Action,Director_E,4.4,163823779,247417992
635,Movie_635,2016,Action,Director_A,6.6,186933901,755695795
636,Movie_636,2006,Horror,Director_E,8.6,48516431,916447499
637,Movie_637,2012,Comedy,Director_B,8.4,126160097,640785348
638,Movie_638,2003,Drama,Director_D,9.0,101779516,926219906
639,Movie_639,2003,Romance,Director_D,5.4,68330285,174377912
640,Movie_640,2005,Romance,Director_B,5.1,26515141,939419037
641,Movie_641,2018,Thriller,Director_C,7.9,97195775,991232259
642,Movie_642,2011,Action,Director_C,5.8,197086801,120196868
643,Movie_643,2021,Horror,Director_D,3.6,66896971,962108352
644,Movie_644,2006,Horror,Director_D,4.8,128160499,749832090
645,Movie_645,2009,Romance,Director_A,5.7,14938810,25909659
646,Movie_646,2018,Thriller,Director_C,4.9,150518045,496771454
647,Movie_647,2006,Thriller,Director_B,5.2,58228660,703697756
648,Movie_648,2002,Thriller,Director_C,4.9,81038962,616900113
649,Movie_649,2012,Drama,Director_A,3.3,19194407,436461899
650,Movie_650,2012,Comedy,Director_D,7.1,155342470,342699148
651,Movie_651,2017,Drama,Director_D,6.9,181592175,44333160
652,Movie_652,2019,Sci-Fi,Director_A,7.2,92995154,352526273
653,Movie_653,2007,Sci-Fi,Director_B,4.3,119130437,110956644
654,Movie_654,2008,Comedy,Director_D,4.9,84724371,678873615
655,Movie_655,2006,Romance,Director_E,7.0,168098932,952895319
656,Movie_656,2000,Comedy,Director_D,6.9,111099050,603674530
657,Movie_657,2002,Horror,Director_E,6.3,94477220,148058325
658,Movie_658,2012,Sci-Fi,Director_A,5.3,116098415,798388534
659,Movie_659,2016,Action,Director_A,8.9,188230854,222050937
660,Movie_660,2023,Action,Director_D,5.2,151528442,915881965
661,Movie_661,2000,Romance,Director_C,6.0,104596174,415779676
662,Movie_662,2005,Horror,Director_E,7.4,66176962,585958703
663,Movie_663,2020,Drama,Director_B,6.5,174945209,139366197
664,Movie_664,2005,Horror,Director_D,5.3,83051606,183498190
665,Movie_665,2011,Action,Director_B,5.8,168601844,697036411
666,Movie_666,2012,Action,Director_D,8.2,152817508,893189278
667,Movie_667,2012,Sci-Fi,Director_C,4.8,45338446,756896552
668,Movie_668,2014,Horror,Director_C,3.9,67774402,89402474
669,Movie_669,2020,Horror,Director_C,5.0,39598748,503702031
670,Movie_670,2015,Action,Director_C,8.5,157653509,560738953
671,Movie_671,2021,Drama,Director_A,3.6,105135184,450116336
672,Movie_672,2020,Romance,Director_A,9.4,78640857,931037183
673,Movie_673,2010,Thriller,Director_E,6.5,179229652,874324447
674,Movie_674,2004,Romance,Director_B,9.4,42092244,398291839
675,Movie_675,2003,Horror,Director_D,9.1,104211896,217419314
676,Movie_676,2002,Romance,Director_D,5.9,73307109,385134145
677,Movie_677,2018,Action,Director_A,4.3,196141447,85989847
678,Movie_678,2019,Action,Director_D,4.1,181077015,35459094
679,Movie_679,2017,Horror,Director_A,4.6,68087885,779170789
680,Movie_680,2014,Horror,Director_E,7.6,65773622,469453150
681,Movie_681,2008,Thriller,Director_B,4.8,137344589,329011890
682,Movie_682,2016,Thriller,Director_E,5.2,38333769,683337767
683,Movie_683,2013,Sci-Fi,Director_C,5.9,24066405,634677849
684,Movie_684,2014,Horror,Director_C,8.9,119489451,993964380
685,Movie_685,2000,Drama,Director_C,4.2,130771638,690761730
686,Movie_686,2020,Romance,Director_E,3.0,39243565,649731385
687,Movie_687,2021,Horror,Director_D,3.4,139396193,177156237
688,Movie_688,2021,Comedy,Director_B,8.9,40262729,504464984
689,Movie_689,2002,Sci-Fi,Director_C,7.2,166720697,140347503
690,Movie_690,2015,Comedy,Director_C,4.8,167987664,197674624
691,Movie_691,2022,Action,Director_C,4.2,180921858,527290612
692,Movie_692,2010,Thriller,Director_B,4.9,140461490,531335298
693,Movie_693,2011,Romance,Director_C,3.7,193302848,576596277
694,Movie_694,2009,Horror,Director_B,9.1,9231691,258049689
695,Movie_695,2015,Comedy,Director_C,8.1,164566083,645053137
696,Movie_696,2007,Romance,Director_E,6.0,178190284,514920648
697,Movie_697,2005,Action,Director_E,8.6,86582689,536475237
698,Movie_698,2011,Thriller,Director_B,4.6,21346985,89745814
699,Movie_699,2023,Drama,Director_E,7.7,105272980,580632532
700,Movie_700,2020,Sci-Fi,Director_B,8.6,101310136,266714680
701,Movie_701,2007,Romance,Director_E,5.3,139808451,502185600
702,Movie_702,2003,Romance,Director_E,7.9,87698833,650776788
703,Movie_703,2007,Drama,Director_B,4.9,173361924,409525338
704,Movie_704,2017,Romance,Director_D,4.9,53450384,851765417
705,Movie_705,2004,Action,Director_E,3.7,145449865,603299002
706,Movie_706,2008,Action,Director_C,5.9,126485921,677002245
707,Movie_707,2003,Drama,Director_D,7.7,20427719,91895606
708,Movie_708,2021,Sci-Fi,Director_B,9.1,69227708,98785087
709,Movie_709,2016,Horror,Director_D,6.9,180038514,164400491
710,Movie_710,2008,Comedy,Director_A,8.6,107364344,351474011
711,Movie_711,2000,Horror,Director_A,8.3,172666302,638646508
712,Movie_712,2020,Romance,Director_E,4.1,142259777,745230160
713,Movie_713,2019,Comedy,Director_E,6.2,124079175,682579390
714,Movie_714,2012,Drama,Director_C,3.8,128287033,817527994
715,Movie_715,2015,Drama,Director_D,7.4,95242442,380452327
716,Movie_716,2012,Sci-Fi,Director_A,9.2,49835195,397858105
717,Movie_717,2013,Comedy,Director_E,3.9,83947380,805982771
718,Movie_718,2002,Action,Director_D,7.8,174998819,931036866
719,Movie_719,2005,Comedy,Director_E,7.1,44189769,329419659
720,Movie_720,2017,Romance,Director_E,6.8,3781652,278633510
721,Movie_721,2018,Action,Director_A,5.5,33121967,182428171
722,Movie_722,2004,Thriller,Director_A,5.3,105880931,937451265
723,Movie_723,2014,Thriller,Director_E,3.3,97491996,867907639
724,Movie_724,2001,Thriller,Director_B,4.4,46327209,185504877
725,Movie_725,2009,Drama,Director_E,3.1,29715260,241735189
726,Movie_726,2023,Comedy,Director_E,6.8,144054349,942199830
727,Movie_727,2017,Thriller,Director_C,3.7,187835695,435066845
728,Movie_728,2012,Horror,Director_C,8.7,1931253,640021380
729,Movie_729,2004,Sci-Fi,Director_C,6.4,115908116,173149384
730,Movie_730,2022,Horror,Director_B,7.5,51874603,824807316
731,Movie_731,2023,Thriller,Director_B,5.7,149186417,873700426
732,Movie_732,2000,Sci-Fi,Director_E,6.6,32007197,790519684
733,Movie_733,2021,Romance,Director_C,9.1,80047699,219147682
734,Movie_734,2000,Horror,Director_B,3.5,56122774,294666394
735,Movie_735,2017,Comedy,Director_A,4.7,11186886,648855344
736,Movie_736,2014,Comedy,Director_E,8.1,163691976,550493953
737,Movie_737,2016,Horror,Director_D,3.6,67073728,166409751
738,Movie_738,2010,Thriller,Director_E,3.5,160756697,928111326
739,Movie_739,2020,Comedy,Director_D,5.4,103716709,330526176
740,Movie_740,2021,Romance,Director_C,3.6,158680885,106112230
741,Movie_741,2016,Action,Director_D,6.8,161069163,628414877
742,Movie_742,2012,Thriller,Director_C,4.5,16020117,647776237
743,Movie_743,2000,Romance,Director_A,8.8,103320683,77881828
744,Movie_744,2001,Sci-Fi,Director_D,8.1,171563401,908518427
745,Movie_745,2008,Romance,Director_E,7.5,196575158,161639163
746,Movie_746,2002,Thriller,Director_C,7.0,176809981,196504414
747,Movie_747,2000,Sci-Fi,Director_E,8.6,52552633,16296266
748,Movie_748,2020,Thriller,Director_B,4.4,3604325,619446422
749,Movie_749,2015,Comedy,Director_C,8.7,53008498,38408376
750,Movie_750,2022,Action,Director_D,8.1,99367753,65191873
751,Movie_751,2005,Thriller,Director_C,7.9,151158023,869849895
752,Movie_752,2016,Thriller,Director_E,6.6,107373012,292154792
753,Movie_753,2004,Comedy,Director_A,4.6,78354231,66731354
754,Movie_754,2004,Drama,Director_C,5.8,135649912,787830306
755,Movie_755,2005,Comedy,Director_D,8.2,87222886,217655105
756,Movie_756,2002,Sci-Fi,Director_B,3.2,198560279,717737638
757,Movie_757,2020,Comedy,Director_A,8.1,163718496,431741860
758,Movie_758,2022,Comedy,Director_B,4.6,142734929,317061460
759,Movie_759,2004,Action,Director_C,3.9,54239735,398739321
760,Movie_760,2020,Comedy,Director_E,3.8,1658139,62042308
761,Movie_761,2004,Thriller,Director_E,3.2,188519800,878237171
762,Movie_762,2009,Action,Director_D,6.4,83969331,185454316
763,Movie_763,2009,Horror,Director_E,4.4,108256159,662949012
764,Movie_764,2018,Drama,Director_A,9.4,143452683,905066140
765,Movie_765,2016,Action,Director_E,6.7,33033050,922861395
766,Movie_766,2020,Sci-Fi,Director_D,3.9,23992457,297683068
767,Movie_767,2013,Horror,Director_C,7.5,22094509,315153253
768,Movie_768,2008,Action,Director_C,8.8,67470904,723684819
769,Movie_769,2013,Action,Director_E,7.8,81518323,797143857
770,Movie_770,2000,Drama,Director_B,3.5,13859305,544371032
771,Movie_771,2018,Thriller,Director_C,8.8,188610857,18831553
772,Movie_772,2012,Sci-Fi,Director_E,8.2,62452057,71758264
773,Movie_773,2012,Romance,Director_D,4.0,124494424,70063839
774,Movie_774,2003,Romance,Director_E,3.3,181112150,907767641
775,Movie_775,2000,Action,Director_C,6.6,157599009,320434664
776,Movie_776,2016,Comedy,Director_D,4.0,118282872,646589240
777,Movie_777,2007,Sci-Fi,Director_E,8.4,94046653,302358658
778,Movie_778,2001,Horror,Director_A,5.3,34857878,641758752
779,Movie_779,2007,Comedy,Director_D,8.9,136616286,161876288
780,Movie_780,2006,Comedy,Director_A,6.7,194923647,745393778
781,Movie_781,2001,Sci-Fi,Director_B,4.2,2717479,477191748
782,Movie_782,2021,Thriller,Director_D,3.9,27964256,530680652
783,Movie_783,2021,Action,Director_A,6.7,136263444,919979730
784,Movie_784,2002,Action,Director_C,8.0,4823873,490830539
785,Movie_785,2017,Action,Director_C,8.1,54293585,467904879
786,Movie_786,2011,Action,Director_B,4.8,164478190,680185560
787,Movie_787,2000,Romance,Director_D,4.3,79432484,364879480
788,Movie_788,2021,Action,Director_D,3.1,172465953,916985010
789,Movie_789,2011,Romance,Director_D,7.4,50729314,619442274
790,Movie_790,2004,Romance,Director_B,3.5,65910193,83879051
791,Movie_791,2016,Thriller,Director_D,5.7,145727036,58833309
792,Movie_792,2015,Action,Director_C,6.9,37108021,318096452
793,Movie_793,2014,Drama,Director_A,9.1,124638161,369775393
794,Movie_794,2022,Horror,Director_C,5.0,86584493,549743189
795,Movie_795,2014,Comedy,Director_C,4.6,162914621,74713766
796,Movie_796,2004,Romance,Director_A,7.3,14027415,18739212
797,Movie_797,2020,Sci-Fi,Director_C,7.0,190509500,139615736
798,Movie_798,2013,Sci-Fi,Director_B,5.2,43124829,235611630
799,Movie_799,2001,Horror,Director_A,9.0,189367156,518029045
800,Movie_800,2010,Sci-Fi,Director_C,8.5,159890889,296293570
801,Movie_801,2018,Drama,Director_E,4.5,126591894,530287291
802,Movie_802,2006,Sci-Fi,Director_C,4.6,72279027,988321396
803,Movie_803,2005,Comedy,Director_B,6.3,124584650,797078803
804,Movie_804,2001,Comedy,Director_D,8.0,140906233,13029598
805,Movie_805,2005,Romance,Director_C,3.3,10190617,892058500
806,Movie_806,2017,Action,Director_D,7.5,72414944,885283095
807,Movie_807,2001,Thriller,Director_E,7.2,165463534,19927605
808,Movie_808,2017,Drama,Director_C,4.5,149607500,505153504
809,Movie_809,2014,Romance,Director_A,7.4,58405223,573957127
810,Movie_810,2018,Drama,Director_D,9.1,74913944,94688279
811,Movie_811,2001,Action,Director_E,3.3,152207747,206500593
812,Movie_812,2019,Sci-Fi,Director_A,5.1,154250857,731991059
813,Movie_813,2005,Sci-Fi,Director_A,5.8,25783762,203631931
814,Movie_814,2000,Thriller,Director_A,8.8,78951716,284238671
815,Movie_815,2023,Action,Director_A,9.3,172987805,389284145
816,Movie_816,2014,Romance,Director_C,5.9,192200530,50849459
817,Movie_817,2022,Thriller,Director_C,7.9,60974585,726486155
818,Movie_818,2009,Action,Director_C,6.5,34400086,206415372
819,Movie_819,2018,Horror,Director_E,6.5,66320186,448604844
820,Movie_820,2016,Comedy,Director_E,4.8,138088309,7695145
821,Movie_821,2004,Thriller,Director_E,4.4,193239311,460926310
822,Movie_822,2003,Thriller,Director_B,4.9,24792448,920232344
823,Movie_823,2009,Romance,Director_E,6.6,143338187,431222509
824,Movie_824,2023,Drama,Director_C,3.2,190563425,724599871
825,Movie_825,2016,Horror,Director_C,8.9,163353208,394643231
826,Movie_826,2009,Romance,Director_B,4.0,171077593,67570237
827,Movie_827,2016,Action,Director_B,4.4,6926069,59526679
828,Movie_828,2019,Action,Director_E,6.4,21997458,344628911
829,Movie_829,2023,Action,Director_D,7.6,133179740,540866158
830,Movie_830,2004,Action,Director_B,3.6,141956930,853268459
831,Movie_831,2001,Drama,Director_A,5.1,170859161,558632392
832,Movie_832,2005,Horror,Director_C,9.3,66735271,442621735
833,Movie_833,2020,Sci-Fi,Director_A,4.7,172227833,949879089
834,Movie_834,2001,Comedy,Director_C,5.0,64317241,73377046
835,Movie_835,2012,Drama,Director_C,8.4,8605502,439503039
836,Movie_836,2010,Drama,Director_B,3.3,160256139,504002033
837,Movie_837,2010,Sci-Fi,Director_B,6.0,135146945,533873036
838,Movie_838,2015,Sci-Fi,Director_A,5.5,69840394,910505467
839,Movie_839,2010,Comedy,Director_C,5.1,113464539,460555578
840,Movie_840,2018,Comedy,Director_A,4.9,141991057,661563167
841,Movie_841,2014,Sci-Fi,Director_D,3.6,9530508,172134193
842,Movie_842,2022,Action,Director_A,5.0,175861269,850055502
843,Movie_843,2022,Drama,Director_E,3.3,32861707,420068144
844,Movie_844,2015,Romance,Director_A,8.1,74938177,602867326
845,Movie_845,2010,Comedy,Director_E,5.6,46316734,108783748
846,Movie_846,2021,Comedy,Director_E,5.9,82991558,305891343
847,Movie_847,2015,Sci-Fi,Director_E,8.8,166149657,922663912
848,Movie_848,2007,Horror,Director_D,7.3,57544343,61479049
849,Movie_849,2003,Romance,Director_A,3.1,144275211,536193111
850,Movie_850,2007,Romance,Director_A,9.1,5790287,229408529
851,Movie_851,2003,Comedy,Director_D,4.5,152248022,549609584
852,Movie_852,2023,Action,Director_C,3.7,83555815,585276369
853,Movie_853,2002,Horror,Director_B,8.0,71210747,505774662
854,Movie_854,2002,Romance,Director_A,6.3,135933023,726056259
855,Movie_855,2017,Comedy,Director_B,5.8,153873742,406902681
856,Movie_856,2018,Romance,Director_D,4.6,21777956,196164868
857,Movie_857,2018,Thriller,Director_C,6.6,161376204,550935419
858,Movie_858,2020,Horror,Director_C,4.8,102717508,173090934
859,Movie_859,2004,Horror,Director_C,8.9,20135946,767536463
860,Movie_860,2017,Thriller,Director_D,4.4,105148297,869513250
861,Movie_861,2009,Drama,Director_E,8.7,137298291,695889727
862,Movie_862,2021,Thriller,Director_E,6.6,93558504,507438361
863,Movie_863,2020,Sci-Fi,Director_B,8.4,28006644,865487633
864,Movie_864,2005,Sci-Fi,Director_E,7.6,16956333,878027100
865,Movie_865,2000,Comedy,Director_E,7.5,140461262,43088342
866,Movie_866,2004,Horror,Director_C,5.1,62396329,448136756
867,Movie_867,2008,Drama,Director_C,4.5,167740727,459392589
868,Movie_868,2011,Drama,Director_B,4.4,146283710,354271118
869,Movie_869,2013,Romance,Director_A,8.6,193218886,31370480
870,Movie_870,2001,Romance,Director_B,8.3,45667943,344001120
871,Movie_871,2016,Thriller,Director_B,5.9,118566363,282562520
872,Movie_872,2013,Drama,Director_D,3.9,3053262,828222036
873,Movie_873,2012,Thriller,Director_D,5.5,129237283,804564176
874,Movie_874,2008,Thriller,Director_B,7.0,28707220,969410646
875,Movie_875,2014,Romance,Director_B,6.0,158444672,63058808
876,Movie_876,2021,Horror,Director_B,8.1,93500867,483833642
877,Movie_877,2014,Thriller,Director_E,9.5,165452362,865192720
878,Movie_878,2023,Action,Director_D,4.2,36626603,471979001
879,Movie_879,2010,Horror,Director_B,6.0,29814268,158282957
880,Movie_880,2015,Drama,Director_C,5.8,174232548,130702748
881,Movie_881,2016,Drama,Director_C,5.0,59713308,624293459
882,Movie_882,2003,Thriller,Director_E,4.3,55875988,367477725
883,Movie_883,2000,Horror,Director_E,3.4,134388783,426779218
884,Movie_884,2007,Romance,Director_A,8.8,11867948,206268916
885,Movie_885,2016,Romance,Director_A,5.7,99605292,395698423
886,Movie_886,2002,Sci-Fi,Director_A,6.2,23889456,958064012
887,Movie_887,2019,Drama,Director_E,9.0,150333478,243225873
888,Movie_888,2014,Comedy,Director_E,8.0,93759975,385582333
889,Movie_889,2014,Sci-Fi,Director_E,3.8,80481292,420688429
890,Movie_890,2023,Romance,Director_C,6.7,23991510,243082848
891,Movie_891,2021,Horror,Director_E,5.9,63687866,356936230
892,Movie_892,2013,Romance,Director_C,8.2,69869263,237734183
893,Movie_893,2022,Horror,Director_A,7.7,127125021,664363345
894,Movie_894,2013,Sci-Fi,Director_A,7.5,82866940,382537608
895,Movie_895,2023,Drama,Director_A,5.2,113136807,362770144
896,Movie_896,2001,Romance,Director_B,8.2,13523855,797594335
897,Movie_897,2012,Thriller,Director_B,3.3,91233652,975926005
898,Movie_898,2013,Horror,Director_D,4.0,24212905,317555536
899,Movie_899,2023,Drama,Director_D,5.2,148881368,725578066
900,Movie_900,2018,Comedy,Director_D,3.5,38697835,685096069
901,Movie_901,2006,Horror,Director_B,4.5,36757963,193785634
902,Movie_902,2002,Sci-Fi,Director_B,8.4,31635609,454142391
903,Movie_903,2014,Comedy,Director_D,9.2,18846628,124237153
904,Movie_904,2022,Comedy,Director_D,5.0,44975663,365972883
905,Movie_905,2013,Action,Director_E,4.7,161618848,251707096
906,Movie_906,2010,Romance,Director_D,4.8,104966427,463792643
907,Movie_907,2014,Horror,Director_E,4.8,24043592,985673353
908,Movie_908,2012,Comedy,Director_C,3.2,165768267,104504471
909,Movie_909,2017,Action,Director_B,9.0,121393540,860906132
910,Movie_910,2005,Sci-Fi,Director_D,4.4,165195253,461408586
911,Movie_911,2002,Drama,Director_B,5.7,42044723,241651354
912,Movie_912,2018,Thriller,Director_B,3.1,56717557,127099087
913,Movie_913,2014,Thriller,Director_B,8.6,74297207,730245145
914,Movie_914,2022,Horror,Director_C,7.8,38347524,737455356
915,Movie_915,2004,Comedy,Director_A,9.2,170503201,909832764
916,Movie_916,2009,Thriller,Director_D,8.1,7113100,852614173
917,Movie_917,2006,Romance,Director_A,5.0,34389158,250190014
918,Movie_918,2016,Thriller,Director_A,4.6,17468585,908917424
919,Movie_919,2006,Thriller,Director_A,7.5,3417209,156007823
920,Movie_920,2021,Thriller,Director_B,5.4,158752394,819253062
921,Movie_921,2011,Action,Director_E,6.7,3925609,319156303
922,Movie_922,2016,Comedy,Director_B,3.0,110808451,551791138
923,Movie_923,2012,Romance,Director_B,3.4,16041716,194445113
924,Movie_924,2019,Comedy,Director_A,6.5,85492832,178352975
925,Movie_925,2003,Horror,Director_B,6.7,119779974,227102951
926,Movie_926,2009,Horror,Director_A,7.9,58159223,357233469
927,Movie_927,2002,Horror,Director_E,3.9,11599528,462667083
928,Movie_928,2008,Sci-Fi,Director_D,6.3,66782983,213276258
929,Movie_929,2012,Thriller,Director_A,4.3,75313289,852408880
930,Movie_930,2017,Sci-Fi,Director_E,3.6,140376298,745288532
931,Movie_931,2014,Action,Director_D,5.7,6560068,930642417
932,Movie_932,2003,Horror,Director_C,4.1,104620828,343272170
933,Movie_933,2014,Romance,Director_A,4.4,53498002,551957539
934,Movie_934,2021,Comedy,Director_A,5.1,141726578,125740847
935,Movie_935,2001,Thriller,Director_C,4.7,69667913,40333904
936,Movie_936,2014,Drama,Director_C,3.6,74245685,797143135
937,Movie_937,2007,Romance,Director_A,3.6,196192835,897342231
938,Movie_938,2007,Thriller,Director_C,4.3,187923870,116449370
939,Movie_939,2016,Sci-Fi,Director_B,3.3,77353425,45888723
940,Movie_940,2011,Sci-Fi,Director_D,7.1,130605607,997181912
941,Movie_941,2018,Romance,Director_D,4.9,114013539,889712513
942,Movie_942,2009,Sci-Fi,Director_D,4.8,169008984,334090696
943,Movie_943,2008,Horror,Director_B,5.2,130487062,903920027
944,Movie_944,2004,Action,Director_C,7.3,10456587,709516532
945,Movie_945,2005,Comedy,Director_E,8.7,17633956,95837820
946,Movie_946,2019,Action,Director_C,7.9,67059784,730561602
947,Movie_947,2001,Thriller,Director_A,7.7,164226932,116089605
948,Movie_948,2023,Comedy,Director_D,6.1,44749282,160005030
949,Movie_949,2012,Comedy,Director_C,7.5,183851069,386105120
950,Movie_950,2005,Action,Director_E,6.6,135310974,961784182
951,Movie_951,2004,Romance,Director_A,4.4,123779256,278748736
952,Movie_952,2000,Comedy,Director_B,4.4,59929142,843837348
953,Movie_953,2020,Action,Director_B,4.9,104031009,885379077
954,Movie_954,2021,Comedy,Director_E,8.9,27595432,722589292
955,Movie_955,2020,Drama,Director_A,6.6,132237837,363312878
956,Movie_956,2005,Romance,Director_D,7.8,81552707,229537038
957,Movie_957,2005,Horror,Director_C,5.3,197328872,918154284
958,Movie_958,2022,Comedy,Director_A,5.7,36839230,445417305
959,Movie_959,2015,Drama,Director_B,3.8,31380460,298348472
960,Movie_960,2003,Horror,Director_E,4.1,180072027,856246989
961,Movie_961,2010,Horror,Director_E,8.4,176368873,792380729
962,Movie_962,2023,Thriller,Director_C,6.8,185196723,539285493
963,Movie_963,2022,Comedy,Director_E,5.2,169551265,793401862
964,Movie_964,2008,Action,Director_E,8.2,159092009,445359725
965,Movie_965,2022,Comedy,Director_A,4.6,185769702,309595710
966,Movie_966,2002,Drama,Director_D,9.3,167398815,961418681
967,Movie_967,2018,Horror,Director_C,5.2,182665497,773302622
968,Movie_968,2007,Comedy,Director_A,5.2,108301231,302320407
969,Movie_969,2004,Action,Director_D,5.0,71631674,816687226
970,Movie_970,2003,Thriller,Director_A,3.8,90366434,674635550
971,Movie_971,2023,Comedy,Director_A,3.7,64205037,141568604
972,Movie_972,2005,Romance,Director_E,7.2,41129705,548902313
973,Movie_973,2001,Thriller,Director_D,8.7,115859942,80278047
974,Movie_974,2019,Action,Director_C,8.1,72556185,771736656
975,Movie_975,2010,Drama,Director_C,3.9,152646768,87493325
976,Movie_976,2003,Horror,Director_D,6.5,114579453,356922943
977,Movie_977,2014,Comedy,Director_E,3.7,171678565,535714041
978,Movie_978,2005,Action,Director_B,3.3,197109206,846728495
979,Movie_979,2021,Thriller,Director_A,7.3,191416021,536248151
980,Movie_980,2016,Romance,Director_E,6.5,65351363,837220268
981,Movie_981,2023,Action,Director_D,3.5,59401200,362668542
982,Movie_982,2005,Sci-Fi,Director_A,3.2,139786874,977765685
983,Movie_983,2018,Romance,Director_C,9.4,154465800,547279704
984,Movie_984,2001,Thriller,Director_B,3.2,98911619,312231930
985,Movie_985,2014,Drama,Director_C,5.9,20916998,749257823
986,Movie_986,2010,Horror,Director_D,6.3,28543766,153823667
987,Movie_987,2007,Thriller,Director_A,3.8,32581057,197520529
988,Movie_988,2018,Drama,Director_D,4.1,19125271,551426733
989,Movie_989,2012,Comedy,Director_A,5.3,27021607,89793233
990,Movie_990,2011,Action,Director_E,8.0,157090614,712357732
991,Movie_991,2004,Sci-Fi,Director_B,6.3,165930526,874295897
992,Movie_992,2005,Romance,Director_E,7.1,35139374,687478075
993,Movie_993,2021,Romance,Director_E,9.4,2420654,879338530
994,Movie_994,2003,Action,Director_D,8.0,179377895,168419975
995,Movie_995,2018,Sci-Fi,Director_B,5.8,197437042,69627603
996,Movie_996,2019,Action,Director_A,5.9,63232362,986988533
997,Movie_997,2000,Comedy,Director_A,7.0,9355425,743989929
998,Movie_998,2019,Drama,Director_C,7.3,191418870,125551509
999,Movie_999,2016,Thriller,Director_A,6.3,151023895,228440338
1000,Movie_1000,2011,Romance,Director_D,7.2,127177968,872931037
1001,Movie_1001,2014,Comedy,Director_E,3.2,128826299,493106036
1002,Movie_1002,2000,Drama,Director_E,5.8,85053071,477763227
1003,Movie_1003,2013,Comedy,Director_E,4.8,156286200,21829282
1004,Movie_1004,2005,Sci-Fi,Director_B,3.8,129259532,577896490
1005,Movie_1005,2004,Romance,Director_A,3.6,27041882,379357770
1006,Movie_1006,2010,Thriller,Director_D,6.9,84271107,229513822
1007,Movie_1007,2003,Action,Director_B,6.4,6914063,500186352
1008,Movie_1008,2012,Action,Director_C,4.6,162526719,162724143
1009,Movie_1009,2010,Drama,Director_D,6.1,194040861,446721830
1010,Movie_1010,2002,Thriller,Director_D,6.2,48463403,46773155
1011,Movie_1011,2000,Horror,Director_D,4.3,164052445,982261533
1012,Movie_1012,2005,Sci-Fi,Director_E,7.2,126439395,220036502
1013,Movie_1013,2017,Drama,Director_D,8.1,30754050,499590354
1014,Movie_1014,2023,Horror,Director_A,8.1,42516245,654675147
1015,Movie_1015,2009,Comedy,Director_D,6.9,7962544,383498574
1016,Movie_1016,2004,Sci-Fi,Director_E,6.3,90004885,153926878
1017,Movie_1017,2022,Comedy,Director_D,3.4,185941046,722112234
1018,Movie_1018,2009,Thriller,Director_C,4.9,27860336,546042276
1019,Movie_1019,2011,Romance,Director_C,3.6,131635220,867055076
1020,Movie_1020,2001,Sci-Fi,Director_E,9.3,182094199,32101646
1021,Movie_1021,2012,Horror,Director_A,3.9,170122499,564010332
1022,Movie_1022,2007,Romance,Director_A,4.0,12808606,175346097
1023,Movie_1023,2001,Action,Director_B,8.8,71843806,842504618
1024,Movie_1024,2019,Horror,Director_E,9.1,143646969,337789657
1025,Movie_1025,2000,Drama,Director_D,8.0,60977558,277633195
1026,Movie_1026,2004,Action,Director_E,3.0,144658229,82433985
1027,Movie_1027,2008,Action,Director_B,3.0,44821206,522787731
1028,Movie_1028,2016,Drama,Director_E,5.5,148511963,444513358
1029,Movie_1029,2008,Sci-Fi,Director_E,3.9,55182052,599209011
1030,Movie_1030,2010,Action,Director_B,3.1,115662292,694336707
1031,Movie_1031,2014,Thriller,Director_A,6.0,176564750,861350933
1032,Movie_1032,2023,Horror,Director_D,9.1,12811984,791807601
1033,Movie_1033,2005,Romance,Director_B,5.1,138038833,486086629
1034,Movie_1034,2022,Action,Director_C,7.3,116763236,595139158
1035,Movie_1035,2002,Horror,Director_A,7.2,195810188,432196474
1036,Movie_1036,2016,Comedy,Director_C,4.6,111952850,227590553
1037,Movie_1037,2004,Horror,Director_A,7.2,23232465,146077362
1038,Movie_1038,2011,Romance,Director_D,4.4,18485885,934321802
1039,Movie_1039,2017,Horror,Director_D,3.8,57650147,955569883
1040,Movie_1040,2013,Drama,Director_E,7.6,120748051,484602167
1041,Movie_1041,2020,Romance,Director_C,3.7,130055539,997556737
1042,Movie_1042,2023,Sci-Fi,Director_A,9.5,154591826,470576058
1043,Movie_1043,2010,Comedy,Director_D,4.2,147571628,545878236
1044,Movie_1044,2008,Drama,Director_B,6.9,60727147,511832010
1045,Movie_1045,2001,Sci-Fi,Director_D,5.7,172719686,147421220
1046,Movie_1046,2011,Horror,Director_B,3.8,41988408,33085521
1047,Movie_1047,2002,Romance,Director_A,3.2,177888235,727061750
1048,Movie_1048,2002,Comedy,Director_D,7.0,55981748,414091069
1049,Movie_1049,2000,Drama,Director_D,8.2,87884931,57658737
1050,Movie_1050,2007,Sci-Fi,Director_A,8.5,4661306,122985165
1051,Movie_1051,2021,Sci-Fi,Director_D,6.1,11412577,664818185
1052,Movie_1052,2007,Comedy,Director_B,8.1,35551489,542264098
1053,Movie_1053,2010,Thriller,Director_D,7.4,132111236,847616290
1054,Movie_1054,2008,Horror,Director_C,7.7,31674998,756120778
1055,Movie_1055,2004,Comedy,Director_E,6.2,83594783,347615742
1056,Movie_1056,2013,Sci-Fi,Director_B,7.1,72857448,746501803
1057,Movie_1057,2002,Action,Director_C,8.2,70321156,177731851
1058,Movie_1058,2020,Drama,Director_A,5.6,55701945,749730434
1059,Movie_1059,2004,Comedy,Director_B,8.2,99163081,221135348
1060,Movie_1060,2004,Thriller,Director_E,6.8,21395529,970452710
1061,Movie_1061,2018,Sci-Fi,Director_E,4.1,96225189,275185549
1062,Movie_1062,2013,Horror,Director_A,3.2,170156570,27993847
1063,Movie_1063,2003,Sci-Fi,Director_A,5.4,199477243,809648347
1064,Movie_1064,2012,Horror,Director_B,6.6,78804671,777972618
1065,Movie_1065,2009,Comedy,Director_D,8.5,93560788,144460902
1066,Movie_1066,2017,Horror,Director_A,3.8,147864519,876333656
1067,Movie_1067,2007,Romance,Director_D,8.2,142548123,964196330
1068,Movie_1068,2007,Romance,Director_C,8.6,103712176,589357074
1069,Movie_1069,2006,Romance,Director_E,4.0,137687334,716463471
1070,Movie_1070,2007,Thriller,Director_D,8.5,47861389,374706069
1071,Movie_1071,2013,Thriller,Director_E,9.4,69154397,669800955
1072,Movie_1072,2018,Action,Director_D,7.7,170058004,748776627
1073,Movie_1073,2005,Thriller,Director_C,8.1,72782448,224797483
1074,Movie_1074,2000,Comedy,Director_A,9.5,94830920,73083167
1075,Movie_1075,2022,Sci-Fi,Director_C,6.9,106164868,992514006
1076,Movie_1076,2014,Sci-Fi,Director_A,5.0,84528761,530304972
1077,Movie_1077,2000,Action,Director_A,8.4,41516280,600911748
1078,Movie_1078,2016,Thriller,Director_E,7.0,6557821,25030723
1079,Movie_1079,2000,Horror,Director_C,6.8,130796574,269890331
1080,Movie_1080,2014,Action,Director_D,4.6,170257779,864269063
1081,Movie_1081,2022,Horror,Director_C,7.9,187387900,681061704
1082,Movie_1082,2001,Horror,Director_E,3.5,85008106,884263352
1083,Movie_1083,2013,Drama,Director_A,9.0,117422206,290693346
1084,Movie_1084,2020,Sci-Fi,Director_E,5.1,173894354,245201828
1085,Movie_1085,2007,Romance,Director_B,3.8,144887843,647282132
1086,Movie_1086,2007,Thriller,Director_B,5.9,46153952,615664377
1087,Movie_1087,2018,Horror,Director_D,3.3,52066701,231014865
1088,Movie_1088,2006,Drama,Director_E,7.5,79617184,231885472
1089,Movie_1089,2018,Sci-Fi,Director_D,8.9,26477565,906864391
1090,Movie_1090,2005,Romance,Director_D,8.4,181358698,545483826
1091,Movie_1091,2005,Horror,Director_B,3.8,153653744,131012144
1092,Movie_1092,2002,Horror,Director_D,3.8,170579897,239115583
1093,Movie_1093,2006,Action,Director_B,8.3,4751531,517781136
1094,Movie_1094,2018,Action,Director_A,9.0,62025545,376255850
1095,Movie_1095,2007,Sci-Fi,Director_E,6.0,42474142,690218910
1096,Movie_1096,2009,Romance,Director_D,6.2,54362949,56276001
1097,Movie_1097,2019,Horror,Director_B,5.1,146450808,587223365
1098,Movie_1098,2014,Sci-Fi,Director_C,8.8,82318784,120996885
1099,Movie_1099,2014,Sci-Fi,Director_D,7.2,152139398,47994381
1100,Movie_1100,2000,Comedy,Director_A,4.9,101143033,269546370
1101,Movie_1101,2019,Thriller,Director_A,4.9,34808475,573693131
1102,Movie_1102,2006,Action,Director_C,8.8,106477943,738639267
1103,Movie_1103,2003,Romance,Director_B,3.1,39478806,312858443
1104,Movie_1104,2005,Horror,Director_D,5.1,66819539,854073388
1105,Movie_1105,2000,Sci-Fi,Director_B,6.6,124241141,355717761
1106,Movie_1106,2004,Horror,Director_A,4.0,67318360,300568129
1107,Movie_1107,2022,Comedy,Director_B,3.6,92791515,963023054
1108,Movie_1108,2000,Romance,Director_A,8.3,55636036,406564054
1109,Movie_1109,2003,Sci-Fi,Director_B,8.8,77511863,38295260
1110,Movie_1110,2021,Horror,Director_C,8.4,150243668,907448976
1111,Movie_1111,2001,Action,Director_E,8.8,75429969,504640966
1112,Movie_1112,2009,Thriller,Director_C,6.6,51804654,478057501
1113,Movie_1113,2004,Comedy,Director_C,8.3,140802309,950394843
1114,Movie_1114,2009,Romance,Director_E,5.5,63895160,604216781
1115,Movie_1115,2000,Comedy,Director_E,7.3,125589660,99411179
1116,Movie_1116,2021,Action,Director_D,9.4,48869970,231333648
1117,Movie_1117,2005,Romance,Director_D,4.5,129714111,72413407
1118,Movie_1118,2012,Comedy,Director_C,5.5,93348256,168359725
1119,Movie_1119,2014,Drama,Director_C,6.1,108919596,477874309
1120,Movie_1120,2003,Action,Director_A,3.9,35753961,207783090
1121,Movie_1121,2012,Action,Director_A,3.5,69899092,390783127
1122,Movie_1122,2023,Action,Director_D,8.4,75161378,587511877
1123,Movie_1123,2019,Drama,Director_D,9.3,87209256,34334810
1124,Movie_1124,2023,Drama,Director_A,5.6,44172391,630470289
1125,Movie_1125,2014,Horror,Director_A,3.6,127790978,402355863
1126,Movie_1126,2007,Sci-Fi,Director_B,3.4,183543512,852962340
1127,Movie_1127,2004,Thriller,Director_B,8.8,9860286,438540983
1128,Movie_1128,2014,Comedy,Director_A,6.0,195367724,618349655
1129,Movie_1129,2003,Horror,Director_B,5.1,45925925,859746981
1130,Movie_1130,2011,Comedy,Director_E,6.1,7017004,145641569
1131,Movie_1131,2012,Thriller,Director_D,5.1,38763126,810225518
1132,Movie_1132,2001,Sci-Fi,Director_D,6.2,51829267,14380814
1133,Movie_1133,2018,Drama,Director_A,8.6,17995763,829321738
1134,Movie_1134,2018,Sci-Fi,Director_C,6.8,106085036,600594453
1135,Movie_1135,2003,Drama,Director_A,7.5,150148855,674377269
1136,Movie_1136,2003,Thriller,Director_B,5.4,125805046,611637079
1137,Movie_1137,2010,Sci-Fi,Director_C,7.8,110016431,737842257
1138,Movie_1138,2004,Horror,Director_B,7.3,31955478,400969067
1139,Movie_1139,2019,Romance,Director_E,3.8,77920005,407150219
1140,Movie_1140,2010,Horror,Director_B,6.7,97114034,903962744
1141,Movie_1141,2009,Comedy,Director_E,4.7,38413236,885739690
1142,Movie_1142,2007,Horror,Director_E,8.2,36879884,316480987
1143,Movie_1143,2005,Thriller,Director_B,5.8,150001712,481425191
1144,Movie_1144,2005,Action,Director_B,9.5,149586070,878081211
1145,Movie_1145,2007,Comedy,Director_E,3.6,190761736,10446342
1146,Movie_1146,2022,Sci-Fi,Director_C,8.1,27559312,660095702
1147,Movie_1147,2014,Comedy,Director_E,7.4,1928252,623506196
1148,Movie_1148,2013,Romance,Director_D,8.0,1600338,735316449
1149,Movie_1149,2010,Drama,Director_E,5.0,47684370,98251466
1150,Movie_1150,2011,Sci-Fi,Director_C,6.2,124805574,650340629
1151,Movie_1151,2012,Comedy,Director_D,8.2,33992373,59416105
1152,Movie_1152,2007,Sci-Fi,Director_A,4.5,157541630,393346530
1153,Movie_1153,2017,Sci-Fi,Director_A,4.5,100842089,79213491
1154,Movie_1154,2000,Sci-Fi,Director_C,6.6,21922682,854787484
1155,Movie_1155,2014,Drama,Director_E,6.4,162233683,763772777
1156,Movie_1156,2007,Thriller,Director_B,4.8,165071752,41753179
1157,Movie_1157,2010,Horror,Director_C,4.9,61974096,379574801
1158,Movie_1158,2011,Sci-Fi,Director_D,4.8,104256346,286550029
1159,Movie_1159,2011,Action,Director_D,8.0,33779182,658953489
1160,Movie_1160,2003,Thriller,Director_A,7.2,147628865,172268059
1161,Movie_1161,2015,Romance,Director_D,8.4,54445182,225006679
1162,Movie_1162,2003,Drama,Director_C,9.3,4600957,785762759
1163,Movie_1163,2004,Comedy,Director_D,6.1,24231075,600937397
1164,Movie_1164,2023,Drama,Director_C,3.4,197109840,534648876
1165,Movie_1165,2004,Comedy,Director_B,3.3,111132036,831841396
1166,Movie_1166,2007,Drama,Director_A,4.9,162109364,653412615
1167,Movie_1167,2009,Comedy,Director_D,9.1,79783221,437545242
1168,Movie_1168,2016,Sci-Fi,Director_C,6.4,165154106,785220515
1169,Movie_1169,2008,Horror,Director_E,4.8,144123536,103097412
1170,Movie_1170,2021,Comedy,Director_A,5.6,33708134,455266080
1171,Movie_1171,2018,Comedy,Director_B,6.9,132620387,233365616
1172,Movie_1172,2013,Action,Director_C,7.2,149085159,82063521
1173,Movie_1173,2007,Comedy,Director_B,4.0,190673900,663903325
1174,Movie_1174,2008,Action,Director_B,9.4,172612133,91735175
1175,Movie_1175,2021,Romance,Director_D,6.5,19141080,505583526
1176,Movie_1176,2010,Sci-Fi,Director_D,3.9,176308484,287359870
1177,Movie_1177,2022,Action,Director_C,8.8,140638979,534797806
1178,Movie_1178,2000,Horror,Director_E,3.5,176000279,70758489
1179,Movie_1179,2013,Thriller,Director_C,8.9,171772424,655302904
1180,Movie_1180,2004,Sci-Fi,Director_E,9.5,94046979,136308836
1181,Movie_1181,2020,Action,Director_B,7.6,189064050,213106209
1182,Movie_1182,2013,Sci-Fi,Director_A,8.0,178194647,484349766
1183,Movie_1183,2003,Sci-Fi,Director_C,5.2,33083981,895038910
1184,Movie_1184,2021,Sci-Fi,Director_C,9.1,196086148,676812519
1185,Movie_1185,2022,Romance,Director_E,6.4,66141905,822683547
1186,Movie_1186,2000,Horror,Director_B,7.8,121514473,259990246
1187,Movie_1187,2021,Drama,Director_B,9.0,185697554,506316797
1188,Movie_1188,2022,Drama,Director_E,9.3,36763409,560267942
1189,Movie_1189,2018,Action,Director_B,8.4,169989469,459429147
1190,Movie_1190,2007,Sci-Fi,Director_D,5.0,96142231,207829310
1191,Movie_1191,2014,Action,Director_A,9.3,21147914,555643149
1192,Movie_1192,2020,Romance,Director_C,7.1,196260002,762803060
1193,Movie_1193,2014,Romance,Director_A,9.0,59676502,526288433
1194,Movie_1194,2008,Comedy,Director_C,7.4,41870096,889347365
1195,Movie_1195,2020,Romance,Director_D,5.0,90019008,307388713
1196,Movie_1196,2008,Comedy,Director_B,5.4,149000078,136778513
1197,Movie_1197,2009,Horror,Director_E,6.6,125314911,455676075
1198,Movie_1198,2019,Action,Director_D,8.1,137493326,607319983
1199,Movie_1199,2020,Thriller,Director_A,5.1,140110299,18654424
1200,Movie_1200,2008,Horror,Director_E,6.8,101259515,342429510
1201,Movie_1201,2002,Romance,Director_B,5.2,190040636,697957851
1202,Movie_1202,2019,Horror,Director_D,8.3,60556258,22007812
1203,Movie_1203,2010,Horror,Director_E,6.0,61081877,237354626
1204,Movie_1204,2005,Horror,Director_D,3.5,127999762,9993899
1205,Movie_1205,2001,Romance,Director_D,4.1,110442412,754465310
1206,Movie_1206,2006,Thriller,Director_B,3.4,78266579,579548334
1207,Movie_1207,2017,Sci-Fi,Director_C,6.2,1019156,557776681
1208,Movie_1208,2001,Horror,Director_E,3.7,159411184,958823481
1209,Movie_1209,2016,Comedy,Director_B,3.7,3570348,405054163
1210,Movie_1210,2010,Romance,Director_D,9.1,20339904,688583058
1211,Movie_1211,2011,Horror,Director_B,8.7,47597166,624390191
1212,Movie_1212,2018,Thriller,Director_C,5.9,80649146,452338875
1213,Movie_1213,2021,Sci-Fi,Director_E,9.4,40028538,652356298
1214,Movie_1214,2023,Romance,Director_C,3.0,101062141,732917415
1215,Movie_1215,2006,Drama,Director_A,7.0,48647611,506744450
1216,Movie_1216,2019,Sci-Fi,Director_E,7.0,56245653,609274134
1217,Movie_1217,2005,Comedy,Director_C,6.0,35436241,623359558
1218,Movie_1218,2020,Horror,Director_D,5.6,139717039,717237974
1219,Movie_1219,2023,Thriller,Director_E,6.0,127566317,734253564
1220,Movie_1220,2000,Drama,Director_E,5.7,74465759,930620678
1221,Movie_1221,2016,Thriller,Director_B,7.7,38362714,412374189
1222,Movie_1222,2010,Drama,Director_D,3.9,84564251,954495073
1223,Movie_1223,2021,Romance,Director_A,4.3,127042106,194519721
1224,Movie_1224,2017,Drama,Director_C,4.2,63063270,989453522
1225,Movie_1225,2020,Comedy,Director_B,4.7,29804060,6247752
1226,Movie_1226,2016,Comedy,Director_C,6.4,55158919,34750575
1227,Movie_1227,2006,Action,Director_A,3.7,89501045,714338226
1228,Movie_1228,2016,Comedy,Director_A,8.6,132057405,463342609
1229,Movie_1229,2019,Sci-Fi,Director_E,4.9,151295713,731721576
1230,Movie_1230,2008,Drama,Director_A,4.1,60134883,721346159
1231,Movie_1231,2016,Comedy,Director_C,7.4,129632209,810423276
1232,Movie_1232,2019,Romance,Director_D,3.2,28540987,208669737
1233,Movie_1233,2021,Thriller,Director_D,7.0,88618597,50318936
1234,Movie_1234,2021,Thriller,Director_E,7.5,54622714,950370995
1235,Movie_1235,2007,Action,Director_C,4.4,84663358,397672845
1236,Movie_1236,2016,Thriller,Director_C,3.3,81382344,374950315
1237,Movie_1237,2006,Drama,Director_A,5.4,132717832,249120344
1238,Movie_1238,2000,Action,Director_C,3.6,126560062,923306194
1239,Movie_1239,2012,Drama,Director_B,3.8,160331506,614340454
1240,Movie_1240,2022,Romance,Director_A,4.7,89640034,752227254
1241,Movie_1241,2018,Action,Director_B,4.9,60938189,164621454
1242,Movie_1242,2023,Horror,Director_E,6.4,153694491,380711055
1243,Movie_1243,2018,Sci-Fi,Director_D,7.4,12266205,338921818
1244,Movie_1244,2016,Sci-Fi,Director_E,6.9,89286211,82657703
1245,Movie_1245,2012,Drama,Director_D,4.0,108157670,501522313
1246,Movie_1246,2015,Thriller,Director_E,4.1,126078995,650661886
1247,Movie_1247,2007,Horror,Director_C,8.7,46052863,600415363
1248,Movie_1248,2018,Action,Director_B,6.6,26508248,219219762
1249,Movie_1249,2017,Horror,Director_D,8.7,61181915,164866002
1250,Movie_1250,2000,Horror,Director_A,5.4,37494539,518603326
1251,Movie_1251,2013,Thriller,Director_B,7.0,154045185,724839515
1252,Movie_1252,2018,Action,Director_A,6.4,113072938,707185684
1253,Movie_1253,2014,Romance,Director_B,5.1,2156245,748507578
1254,Movie_1254,2017,Thriller,Director_B,6.1,73035486,375618350
1255,Movie_1255,2001,Horror,Director_E,6.3,101822294,930406112
1256,Movie_1256,2021,Horror,Director_D,4.3,184907196,575471151
1257,Movie_1257,2016,Romance,Director_D,5.0,189599606,522465481
1258,Movie_1258,2017,Horror,Director_B,8.1,40738830,962737298
1259,Movie_1259,2005,Horror,Director_C,9.0,49480343,441098845
1260,Movie_1260,2018,Horror,Director_C,5.3,60996376,89546581
1261,Movie_1261,2003,Sci-Fi,Director_A,5.0,176978496,677646914
1262,Movie_1262,2000,Thriller,Director_A,4.3,14457080,823517860
1263,Movie_1263,2007,Comedy,Director_E,7.4,48331945,970337192
1264,Movie_1264,2022,Thriller,Director_B,5.1,36362948,915702033
1265,Movie_1265,2006,Romance,Director_A,9.4,102619307,402448650
1266,Movie_1266,2002,Horror,Director_A,5.1,21435121,662249711
1267,Movie_1267,2009,Thriller,Director_B,5.6,30190953,8764993
1268,Movie_1268,2009,Sci-Fi,Director_E,6.9,60513211,223413771
1269,Movie_1269,2018,Romance,Director_A,8.2,161650123,998947445
1270,Movie_1270,2013,Drama,Director_E,6.1,61481382,492722757
1271,Movie_1271,2001,Thriller,Director_D,5.7,156105937,423229866
1272,Movie_1272,2000,Drama,Director_E,9.5,127122433,395617850
1273,Movie_1273,2022,Horror,Director_C,3.1,31978633,232915687
1274,Movie_1274,2022,Sci-Fi,Director_C,8.8,97623054,647152427
1275,Movie_1275,2017,Sci-Fi,Director_E,4.0,61322781,598669340
1276,Movie_1276,2006,Thriller,Director_C,8.1,69826219,824822970
1277,Movie_1277,2007,Romance,Director_D,7.0,197884601,434526237
1278,Movie_1278,2000,Romance,Director_B,5.2,157043280,738859073
1279,Movie_1279,2022,Sci-Fi,Director_C,8.7,130313094,771104264
1280,Movie_1280,2002,Romance,Director_C,3.1,12631400,711194798
1281,Movie_1281,2023,Sci-Fi,Director_E,4.5,123340830,286861889
1282,Movie_1282,2022,Thriller,Director_D,6.7,161831474,875823260
1283,Movie_1283,2007,Comedy,Director_B,5.3,193519419,217222176
1284,Movie_1284,2021,Sci-Fi,Director_E,7.0,26298938,372392457
1285,Movie_1285,2014,Drama,Director_E,3.2,113005622,395267617
1286,Movie_1286,2004,Romance,Director_D,3.8,34357473,913869867
1287,Movie_1287,2002,Sci-Fi,Director_B,3.8,7849221,660962294
1288,Movie_1288,2018,Sci-Fi,Director_D,4.2,145494053,112725511
1289,Movie_1289,2000,Thriller,Director_B,6.0,122408690,29336228
1290,Movie_1290,2014,Romance,Director_D,7.9,101802429,528714293
1291,Movie_1291,2007,Comedy,Director_E,8.9,88695777,497059067
1292,Movie_1292,2001,Thriller,Director_E,8.4,126078059,463671968
1293,Movie_1293,2002,Comedy,Director_A,4.3,131368589,407354798
1294,Movie_1294,2023,Thriller,Director_C,5.9,10851205,432219973
1295,Movie_1295,2013,Romance,Director_D,4.3,135487729,842272811
1296,Movie_1296,2023,Action,Director_A,4.7,183070628,181968830
1297,Movie_1297,2013,Romance,Director_C,6.3,99050033,335144871
1298,Movie_1298,2010,Romance,Director_D,3.4,130226690,236326444
1299,Movie_1299,2015,Comedy,Director_B,4.4,2399298,274102994
1300,Movie_1300,2003,Comedy,Director_C,9.1,38701845,43161887
1301,Movie_1301,2019,Romance,Director_E,6.0,68891273,57344986
1302,Movie_1302,2004,Romance,Director_A,5.9,44660866,273196096
1303,Movie_1303,2021,Romance,Director_C,3.1,28607548,922436650
1304,Movie_1304,2020,Comedy,Director_C,4.6,50793355,580298035
1305,Movie_1305,2013,Romance,Director_E,8.6,198782620,896255072
1306,Movie_1306,2022,Romance,Director_D,4.1,152708335,840117565
1307,Movie_1307,2015,Horror,Director_B,5.7,140973264,300548455
1308,Movie_1308,2017,Action,Director_E,3.1,18114380,613241439
1309,Movie_1309,2006,Drama,Director_B,6.1,193419191,510617092
1310,Movie_1310,2009,Action,Director_D,3.1,12562817,445218384
1311,Movie_1311,2006,Horror,Director_C,8.3,3763779,787183293
1312,Movie_1312,2000,Drama,Director_B,8.4,117247689,157320775
1313,Movie_1313,2022,Thriller,Director_A,8.1,171630374,935250296
1314,Movie_1314,2020,Romance,Director_A,4.8,120675479,370689129
1315,Movie_1315,2018,Horror,Director_E,8.4,91805299,873507233
1316,Movie_1316,2015,Thriller,Director_D,6.5,112853189,232397768
1317,Movie_1317,2018,Romance,Director_E,5.4,45359378,618259639
1318,Movie_1318,2003,Comedy,Director_E,7.1,156238724,603867362
1319,Movie_1319,2017,Sci-Fi,Director_E,3.1,150943263,925979185
1320,Movie_1320,2001,Horror,Director_A,3.9,72002057,871305222
1321,Movie_1321,2000,Comedy,Director_A,7.8,32747976,940747022
1322,Movie_1322,2014,Horror,Director_E,4.6,129646874,304448756
1323,Movie_1323,2004,Horror,Director_A,6.9,40236300,512227731
1324,Movie_1324,2019,Comedy,Director_D,5.5,62501716,856855089
1325,Movie_1325,2010,Drama,Director_E,8.6,69364823,568717400
1326,Movie_1326,2009,Action,Director_A,9.2,168316995,193095810
1327,Movie_1327,2001,Romance,Director_B,8.7,74728954,435297851
1328,Movie_1328,2002,Horror,Director_E,4.8,187168802,743960061
1329,Movie_1329,2022,Romance,Director_E,4.3,30616451,362588918
1330,Movie_1330,2022,Sci-Fi,Director_D,6.1,24782567,873256685
1331,Movie_1331,2011,Comedy,Director_C,3.0,126010607,969468887
1332,Movie_1332,2019,Romance,Director_C,3.2,19915637,527813409
1333,Movie_1333,2004,Comedy,Director_D,6.6,199261538,269193325
1334,Movie_1334,2004,Romance,Director_D,6.4,73132062,81080405
1335,Movie_1335,2005,Action,Director_D,9.5,77418103,146405834
1336,Movie_1336,2008,Action,Director_C,4.3,26451115,877736431
1337,Movie_1337,2001,Action,Director_D,4.7,120090471,832446279
1338,Movie_1338,2020,Action,Director_A,3.7,125500428,98201190
1339,Movie_1339,2011,Action,Director_E,9.0,197808003,568448482
1340,Movie_1340,2002,Action,Director_E,8.1,140002701,124870000
1341,Movie_1341,2019,Comedy,Director_B,8.3,55101132,707727469
1342,Movie_1342,2021,Horror,Director_B,8.9,84687685,573496165
1343,Movie_1343,2011,Romance,Director_E,6.4,2435367,286764999
1344,Movie_1344,2023,Action,Director_A,5.9,193861424,834475637
1345,Movie_1345,2016,Comedy,Director_C,5.1,46664080,21806308
1346,Movie_1346,2009,Comedy,Director_C,6.8,61409832,546983962
1347,Movie_1347,2023,Comedy,Director_A,6.0,43209016,63040667
1348,Movie_1348,2013,Horror,Director_C,5.9,120045708,508973671
1349,Movie_1349,2022,Romance,Director_D,9.1,147813107,489754977
1350,Movie_1350,2016,Horror,Director_E,9.4,165667457,116439711
1351,Movie_1351,2017,Drama,Director_E,8.2,73495923,439183246
1352,Movie_1352,2018,Thriller,Director_A,7.9,26243818,257541675
1353,Movie_1353,2016,Comedy,Director_C,7.4,70773785,428511934
1354,Movie_1354,2013,Drama,Director_B,4.1,29707349,485041232
1355,Movie_1355,2008,Sci-Fi,Director_B,3.4,52766378,600463328
1356,Movie_1356,2007,Action,Director_C,7.5,189621026,109173230
1357,Movie_1357,2001,Thriller,Director_B,7.7,16429051,738268275
1358,Movie_1358,2012,Action,Director_A,3.3,38908921,986067125
1359,Movie_1359,2006,Horror,Director_A,9.0,170730775,88491791
1360,Movie_1360,2008,Thriller,Director_C,3.6,150222980,290420252
1361,Movie_1361,2021,Romance,Director_B,4.9,24279699,123209544
1362,Movie_1362,2021,Drama,Director_A,7.4,169750694,400937568
1363,Movie_1363,2010,Romance,Director_A,4.1,162752872,792753403
1364,Movie_1364,2013,Horror,Director_D,3.4,181025144,840214448
1365,Movie_1365,2003,Action,Director_D,5.2,161279220,965073692
1366,Movie_1366,2012,Thriller,Director_A,8.0,28845100,271065100
1367,Movie_1367,2001,Romance,Director_C,5.7,136202316,336514260
1368,Movie_1368,2022,Romance,Director_E,7.2,173221559,282300921
1369,Movie_1369,2004,Action,Director_E,6.8,88888841,639452820
1370,Movie_1370,2010,Thriller,Director_A,3.1,135699360,367370244
1371,Movie_1371,2005,Drama,Director_A,9.4,94584440,130840137
1372,Movie_1372,2017,Action,Director_A,3.3,8723047,799595077
1373,Movie_1373,2020,Romance,Director_C,9.3,25776015,512248375
1374,Movie_1374,2009,Drama,Director_D,6.6,30196927,897293234
1375,Movie_1375,2003,Drama,Director_A,9.3,106939116,45840312
1376,Movie_1376,2008,Action,Director_A,3.7,9918562,477413836
1377,Movie_1377,2005,Romance,Director_B,6.2,159634242,201493376
1378,Movie_1378,2001,Horror,Director_C,4.1,46993847,334524499
1379,Movie_1379,2016,Romance,Director_A,3.3,92382276,474971768
1380,Movie_1380,2004,Comedy,Director_B,7.0,79510809,762192942
1381,Movie_1381,2005,Thriller,Director_E,4.4,73213002,354927725
1382,Movie_1382,2011,Sci-Fi,Director_A,6.8,150104509,831074503
1383,Movie_1383,2022,Horror,Director_A,3.7,61132166,835385673
1384,Movie_1384,2020,Drama,Director_B,5.2,30227191,729435912
1385,Movie_1385,2009,Horror,Director_C,8.1,29872553,867191984
1386,Movie_1386,2021,Thriller,Director_A,5.8,116790963,285961256
1387,Movie_1387,2020,Drama,Director_E,7.1,81521377,686609410
1388,Movie_1388,2005,Thriller,Director_A,7.2,31613058,789257930
1389,Movie_1389,2007,Drama,Director_E,8.5,117312606,935647051
1390,Movie_1390,2001,Horror,Director_D,5.1,195813514,526789321
1391,Movie_1391,2011,Drama,Director_D,7.5,51543852,231386840
1392,Movie_1392,2012,Drama,Director_E,9.3,18750431,166345712
1393,Movie_1393,2020,Comedy,Director_C,7.7,119008339,988202008
1394,Movie_1394,2006,Romance,Director_A,6.2,45280248,937787210
1395,Movie_1395,2009,Romance,Director_A,7.1,35822065,590696701
1396,Movie_1396,2012,Sci-Fi,Director_D,7.8,38239247,168615349
1397,Movie_1397,2016,Sci-Fi,Director_E,7.0,114754008,79125475
1398,Movie_1398,2020,Comedy,Director_A,3.1,36580614,42391910
1399,Movie_1399,2013,Sci-Fi,Director_A,4.3,76486764,741634932
1400,Movie_1400,2001,Thriller,Director_C,8.3,166587269,410434061
1401,Movie_1401,2021,Horror,Director_B,4.8,87417276,544902775
1402,Movie_1402,2010,Action,Director_D,7.8,188749466,727570599
1403,Movie_1403,2000,Thriller,Director_D,5.4,112141957,711238848
1404,Movie_1404,2018,Action,Director_B,6.4,107270719,820763511
1405,Movie_1405,2020,Action,Director_A,3.4,77298453,58448821
1406,Movie_1406,2003,Comedy,Director_C,4.2,15632787,910001859
1407,Movie_1407,2018,Thriller,Director_C,9.2,5934990,650586172
1408,Movie_1408,2020,Comedy,Director_D,8.8,82209083,160820829
1409,Movie_1409,2010,Drama,Director_C,7.2,167459760,712887883
1410,Movie_1410,2007,Action,Director_B,6.0,94736796,456914530
1411,Movie_1411,2010,Horror,Director_A,7.4,64794852,628790924
1412,Movie_1412,2003,Sci-Fi,Director_B,7.0,64463472,743819251
1413,Movie_1413,2016,Horror,Director_E,6.7,92943987,653418718
1414,Movie_1414,2006,Sci-Fi,Director_D,3.4,67819360,586658469
1415,Movie_1415,2007,Action,Director_C,7.1,90607957,325048362
1416,Movie_1416,2002,Action,Director_E,8.0,124297006,244504214
1417,Movie_1417,2021,Action,Director_C,9.5,8760004,725302787
1418,Movie_1418,2001,Comedy,Director_A,3.1,148647462,328190579
1419,Movie_1419,2022,Thriller,Director_A,7.7,49302865,318898063
1420,Movie_1420,2014,Sci-Fi,Director_A,6.7,60970725,512678342
1421,Movie_1421,2023,Thriller,Director_C,5.8,98789301,106646357
1422,Movie_1422,2021,Comedy,Director_E,3.8,82377652,709939484
1423,Movie_1423,2021,Comedy,Director_A,5.7,184202270,992865930
1424,Movie_1424,2004,Romance,Director_E,5.3,196111561,854821111
1425,Movie_1425,2023,Horror,Director_C,5.0,65910926,418427424
1426,Movie_1426,2000,Horror,Director_E,7.8,37147881,83384697
1427,Movie_1427,2003,Drama,Director_C,7.6,18795759,905813916
1428,Movie_1428,2014,Comedy,Director_C,6.8,194323089,36601658
1429,Movie_1429,2019,Sci-Fi,Director_D,9.1,141992598,758054822
1430,Movie_1430,2018,Romance,Director_C,5.3,165731104,83193035
1431,Movie_1431,2002,Romance,Director_C,4.6,175876687,48441158
1432,Movie_1432,2019,Thriller,Director_B,7.3,180585845,166184383
1433,Movie_1433,2010,Horror,Director_A,4.3,97787813,644128570
1434,Movie_1434,2016,Comedy,Director_D,5.0,89113314,302341494
1435,Movie_1435,2012,Drama,Director_D,4.5,10137819,116120614
1436,Movie_1436,2010,Comedy,Director_D,3.4,104922177,738455209
1437,Movie_1437,2001,Thriller,Director_B,8.4,122071965,850179453
1438,Movie_1438,2008,Action,Director_C,4.7,181111244,943103023
1439,Movie_1439,2001,Comedy,Director_A,6.1,128822504,853257113
1440,Movie_1440,2020,Thriller,Director_E,3.3,74633231,179172391
1441,Movie_1441,2008,Action,Director_C,7.5,190888314,885566728
1442,Movie_1442,2008,Action,Director_B,5.1,154179972,899232808
1443,Movie_1443,2007,Drama,Director_C,7.8,106467254,733576353
1444,Movie_1444,2016,Sci-Fi,Director_C,5.7,18550054,842592044
1445,Movie_1445,2000,Horror,Director_B,4.3,68370284,267829388
1446,Movie_1446,2010,Comedy,Director_D,6.3,5529943,750648566
1447,Movie_1447,2007,Action,Director_D,3.8,78757628,902897846
1448,Movie_1448,2009,Comedy,Director_A,5.9,55884186,283740259
1449,Movie_1449,2006,Sci-Fi,Director_A,5.1,14930333,427977880
1450,Movie_1450,2002,Horror,Director_D,8.9,139993561,931534295
1451,Movie_1451,2002,Sci-Fi,Director_E,3.4,33123007,675096811
1452,Movie_1452,2017,Horror,Director_C,7.5,32522310,183657409
1453,Movie_1453,2004,Romance,Director_E,4.2,46790633,949052364
1454,Movie_1454,2011,Horror,Director_C,5.1,105850990,560870622
1455,Movie_1455,2011,Drama,Director_D,5.7,44156020,887467932
1456,Movie_1456,2018,Sci-Fi,Director_A,8.9,37654266,34696625
1457,Movie_1457,2005,Action,Director_A,4.6,44199013,357809243
1458,Movie_1458,2001,Romance,Director_E,3.6,51235844,223195899
1459,Movie_1459,2011,Drama,Director_A,5.1,24548374,463575770
1460,Movie_1460,2018,Comedy,Director_D,3.7,38118939,572461518
1461,Movie_1461,2004,Sci-Fi,Director_E,3.8,138399860,710536222
1462,Movie_1462,2011,Thriller,Director_C,6.7,97524174,20090407
1463,Movie_1463,2016,Thriller,Director_A,3.4,71549727,20974862
1464,Movie_1464,2016,Action,Director_B,3.2,99146457,263164256
1465,Movie_1465,2009,Horror,Director_A,7.6,31063151,349468755
1466,Movie_1466,2022,Action,Director_C,5.4,42540754,717685225
1467,Movie_1467,2016,Thriller,Director_E,3.8,108798876,709427147
1468,Movie_1468,2014,Comedy,Director_C,4.6,197309173,500860068
1469,Movie_1469,2011,Romance,Director_B,7.2,61592764,384537096
1470,Movie_1470,2015,Romance,Director_D,4.8,196855353,832601942
1471,Movie_1471,2023,Sci-Fi,Director_A,6.2,123243250,801815303
1472,Movie_1472,2018,Romance,Director_E,3.8,114818493,461924895
1473,Movie_1473,2007,Sci-Fi,Director_D,6.8,59203138,701676207
1474,Movie_1474,2020,Sci-Fi,Director_C,5.1,168916535,767199309
1475,Movie_1475,2016,Sci-Fi,Director_E,7.1,126114431,904144538
1476,Movie_1476,2022,Thriller,Director_D,8.3,174486108,115682776
1477,Movie_1477,2004,Thriller,Director_E,7.0,126500938,174297228
1478,Movie_1478,2021,Horror,Director_B,4.9,106846880,941739830
1479,Movie_1479,2015,Drama,Director_B,4.7,40466425,354842028
1480,Movie_1480,2005,Sci-Fi,Director_A,5.1,54515466,338333534
1481,Movie_1481,2007,Sci-Fi,Director_A,4.1,163463130,854413860
1482,Movie_1482,2017,Drama,Director_B,4.2,153513504,940721199
1483,Movie_1483,2011,Action,Director_E,8.1,103557716,235627193
1484,Movie_1484,2014,Sci-Fi,Director_B,5.5,142286950,605592746
1485,Movie_1485,2008,Horror,Director_A,5.8,159653150,461321845
1486,Movie_1486,2012,Romance,Director_B,6.9,152536741,436793540
1487,Movie_1487,2014,Romance,Director_B,6.8,164646509,750913996
1488,Movie_1488,2009,Comedy,Director_E,3.4,93966977,134073819
1489,Movie_1489,2015,Comedy,Director_D,8.4,12926106,821778538
1490,Movie_1490,2006,Romance,Director_A,4.2,126746339,124576408
1491,Movie_1491,2016,Romance,Director_E,7.7,41112074,630329522
1492,Movie_1492,2022,Thriller,Director_B,8.0,92525457,615138158
1493,Movie_1493,2020,Horror,Director_B,7.6,19573434,905288486
1494,Movie_1494,2021,Drama,Director_D,6.8,96958720,556920037
1495,Movie_1495,2006,Comedy,Director_A,3.1,62104574,40886559
1496,Movie_1496,2013,Thriller,Director_A,5.3,15387810,250894722
1497,Movie_1497,2014,Thriller,Director_C,6.9,169324386,74183142
1498,Movie_1498,2020,Drama,Director_A,5.5,109178078,132847972
1499,Movie_1499,2006,Thriller,Director_D,8.6,22876123,362305462
1500,Movie_1500,2008,Horror,Director_C,5.0,194198694,283969329
